rfc,razon_social,fecha_alta_sat,giro_fiscal,estado,agente_aduanal_asignado,opinion_cumplimiento_sat,total_ops_24m,valor_total_declarado_24m,tasa_irregularidades,canal_historico_verde,canal_historico_amarillo,canal_historico_rojo,ultima_operacion,flag_empresa_nueva,flag_volumen_anormal
QAH817127FD0,Grupo Internacional SPR de RL,2016-07-18,Tecnología,CDMX,AA0049,POSITIVA,161,58860994.34,0.47,85.1,16.2,-1.3,2026-01-07,False,False
USI781617H1D,Logística Prime SPR de RL,2019-02-21,Retail,Nuevo León,AA0003,POSITIVA,15,6348481.48,6.38,56.1,44.3,-0.4,2025-12-12,False,False
RUZ8221505NQ,Automotriz Nacional SAPI de CV,2024-09-16,Química,Querétaro,AA0050,POSITIVA,19,3258053.92,5.65,45.1,38.2,16.7,2025-12-10,False,False
UFA865489OC6,Manufacturas Central SA,2020-10-13,Alimentos y bebidas,Estado de México,AA0009,POSITIVA,379,63760581.33,0.92,76.6,9.9,13.5,2025-12-17,False,False
NCB757588FFY,Farmacéutica Omega SC,2024-12-26,Manufactura,Guanajuato,AA0028,NEGATIVA,17,6065084.32,12.27,26.6,48.8,24.6,2025-12-23,False,True
EAS83819281S,Textiles Prime SA,2019-10-27,Comercio al por mayor,Nuevo León,AA0024,POSITIVA,151,43587532.03,0.31,89.1,15.8,-4.9,2026-03-01,False,False
WVH730470IUC,Farmacéutica Delta SC,2017-03-12,Textil,Querétaro,AA0029,POSITIVA,293,141801249.16,1.89,74.1,15.6,10.3,2025-12-22,False,False
XLG733669MVI,Alimentos Gamma SPR de RL,2022-05-16,Farmacéutica,Veracruz,AA0016,POSITIVA,84,29487360.02,1.81,91.5,6.4,2.1,2026-02-02,False,False
UUE750920XMO,Tecnología Nacional SA de CV,2026-02-02,Comercio al por mayor,Baja California,AA0001,POSITIVA,23,5938200.51,3.49,45.7,31.2,23.1,2026-02-20,True,False
ZYW787295OR5,Automotriz Internacional SAPI de CV,2026-01-30,Retail,Guanajuato,AA0014,POSITIVA,451,181533222.21,1.57,77.1,18.9,4.0,2025-12-07,False,False
ZPO864520CVS,Grupo Central SPR de RL,2022-07-13,Comercio al por mayor,Chihuahua,AA0006,POSITIVA,145,68689147.3,0.14,71.7,22.2,6.1,2025-12-19,False,False
KPN836817HZI,Logística Prime SA de CV,2019-10-21,Retail,Querétaro,AA0019,NEGATIVA,3,832944.34,8.16,28.6,41.3,30.1,2026-02-13,False,True
EVS977418A3K,Logística Alpha SA de CV,2024-11-15,Química,Puebla,AA0018,NEGATIVA,18,4993813.37,10.64,18.5,34.2,47.3,2026-01-28,False,False
BID837441FPZ,Logística Alpha SC,2025-05-18,Retail,Estado de México,AA0043,NEGATIVA,5,344114.93,17.28,35.0,41.7,23.3,2026-01-14,False,True
CUW913159907,Corporativo Gamma SA de CV,2021-03-07,Textil,CDMX,AA0031,POSITIVA,427,162591306.09,1.85,89.6,13.2,-2.8,2026-01-29,False,False
FVL86010835I,Logística Omega SAPI de CV,2024-08-16,Farmacéutica,Guanajuato,AA0003,NO_INSCRITO,9,4253910.42,13.97,25.3,43.6,31.1,2026-02-15,False,False
CLS864558P9E,Manufacturas Beta SC,2025-05-10,Farmacéutica,Querétaro,AA0043,POSITIVA,316,111163373.33,1.85,83.5,19.4,-2.9,2026-01-14,False,False
WSH862255YLZ,Textiles Prime SA,2021-01-06,Automotriz,Veracruz,AA0044,NEGATIVA,6,867493.25,18.46,19.0,41.0,40.0,2025-12-17,False,False
FMX789068XKX,Tecnología Global SPR de RL,2022-02-13,Retail,Puebla,AA0032,POSITIVA,49,15928591.11,3.35,46.0,20.6,33.4,2026-02-20,False,False
KDR7559832H2,Farmacéutica Internacional SPR de RL,2025-03-10,Construcción,Baja California,AA0028,POSITIVA,484,145933928.24,0.24,73.3,14.3,12.4,2026-01-20,False,False
VOX948967Q14,Grupo Global SAPI de CV,2017-09-25,Construcción,Estado de México,AA0005,POSITIVA,89,7677135.19,1.43,75.9,11.7,12.4,2026-02-10,False,False
KIM732746HP6,Farmacéutica Central SAPI de CV,2022-12-12,Automotriz,Estado de México,AA0018,POSITIVA,58,16947556.81,4.86,68.3,27.5,4.2,2025-12-22,False,False
LAI912079047,Industrias Delta SA,2022-11-12,Alimentos y bebidas,Querétaro,AA0049,POSITIVA,389,28252325.09,0.05,86.1,7.7,6.2,2026-01-12,False,False
WHY921122JCA,Comercializadora Internacional SA de CV,2025-01-07,Farmacéutica,Estado de México,AA0030,POSITIVA,383,126237200.41,0.08,70.8,9.9,19.3,2026-01-30,False,False
STE7601492FL,Química Central SA de CV,2019-09-02,Farmacéutica,CDMX,AA0023,NEGATIVA,13,1246122.64,14.74,31.5,31.5,37.0,2026-01-22,False,True
NRB879004APR,Manufacturas Central SC,2018-01-04,Alimentos y bebidas,Estado de México,AA0006,NO_INSCRITO,425,169400177.38,1.04,86.3,17.3,-3.6,2026-01-01,False,False
HLT898800MRL,Automotriz Global SA,2019-03-10,Electrónica,Estado de México,AA0045,POSITIVA,500,67987695.29,1.19,92.0,16.1,-8.1,2026-01-30,False,False
MSL709141DHY,Grupo Beta SAPI de CV,2023-04-22,Alimentos y bebidas,Nuevo León,AA0048,POSITIVA,226,38852200.62,0.85,88.6,11.6,-0.2,2026-01-28,False,False
NTE8135480JV,Alimentos Omega SAPI de CV,2019-12-29,Química,Veracruz,AA0007,NO_INSCRITO,47,3312657.08,3.36,45.4,20.4,34.2,2026-02-23,False,False
WOM931033M8J,Importadora Nacional SA,2022-06-08,Farmacéutica,Chihuahua,AA0040,NO_INSCRITO,372,32859284.07,1.37,73.8,21.2,5.0,2026-01-29,False,False
FNL932214KVP,Tecnología Central SA,2022-06-29,Tecnología,CDMX,AA0015,POSITIVA,36,4335828.37,5.75,47.9,22.0,30.1,2026-01-08,False,True
HHW737419Y72,Automotriz Central SC,2020-12-12,Automotriz,Nuevo León,AA0030,POSITIVA,381,154946167.68,0.3,76.6,7.8,15.6,2025-12-15,False,False
RSY962492TPV,Textiles Alpha SAPI de CV,2024-04-05,Automotriz,Baja California,AA0042,NO_INSCRITO,395,139248051.61,1.67,84.4,24.0,-8.4,2026-01-26,False,False
LHZ928630WRD,Distribuidora Internacional SA de CV,2024-01-08,Alimentos y bebidas,Guanajuato,AA0021,NO_INSCRITO,132,54925822.46,0.66,87.3,10.8,1.9,2025-12-21,False,False
DUW700704XTO,Tecnología Beta SA de CV,2019-02-10,Química,Chihuahua,AA0016,NO_INSCRITO,276,68214019.01,1.52,75.1,16.0,8.9,2025-12-02,False,False
SIA914005D96,Grupo Central SPR de RL,2021-06-10,Construcción,Jalisco,AA0005,POSITIVA,75,22355196.34,6.23,52.5,32.1,15.4,2026-01-11,False,False
HUK966301JA0,Automotriz Delta SPR de RL,2017-09-04,Textil,Estado de México,AA0050,POSITIVA,297,57855542.86,0.69,83.8,15.9,0.3,2026-02-05,False,False
KIM899975NX3,Manufacturas Gamma SA de CV,2025-12-14,Automotriz,Guanajuato,AA0022,NEGATIVA,11,625970.61,22.78,36.2,38.8,25.0,2026-02-11,True,False
QKC87236344N,Farmacéutica Beta SA,2017-09-11,Distribución,Guanajuato,AA0002,POSITIVA,85,7707009.4,0.47,87.1,10.7,2.2,2026-02-17,False,False
BUH896625PIO,Corporativo Alpha SA,2024-08-29,Tecnología,Baja California,AA0011,POSITIVA,58,19549310.87,5.72,47.2,42.8,10.0,2026-01-02,False,False
BYZ856943XPJ,Manufacturas Omega SA de CV,2018-11-08,Farmacéutica,CDMX,AA0039,POSITIVA,245,120068379.42,1.14,84.4,24.9,-9.3,2025-12-07,False,False
TVX820749VMW,Automotriz Global SAPI de CV,2021-08-19,Retail,Jalisco,AA0035,NO_INSCRITO,2,918665.03,13.25,23.2,41.6,35.2,2026-01-19,False,True
WJN8429833J3,Industrias Beta SA,2019-05-15,Comercio al por mayor,Guanajuato,AA0035,POSITIVA,88,43205712.81,0.28,94.2,22.2,-16.4,2025-12-20,False,False
DJT837549V37,Comercializadora Alpha SA de CV,2020-07-18,Tecnología,Veracruz,AA0008,NEGATIVA,51,17450045.29,7.49,46.6,21.6,31.8,2026-02-15,False,False
CXD937940N8Z,Industrias Delta SA,2016-07-31,Automotriz,Estado de México,AA0024,NO_INSCRITO,262,46081362.52,1.31,90.8,17.3,-8.1,2025-12-03,False,False
CRO888149CJ8,Grupo Central SAPI de CV,2020-10-15,Retail,Querétaro,AA0050,POSITIVA,60,8540550.53,0.1,78.3,24.8,-3.1,2025-12-21,False,False
DXA7759599T2,Importadora Beta SA,2026-01-04,Automotriz,Querétaro,AA0033,POSITIVA,453,173849225.91,0.48,78.1,8.5,13.4,2025-12-24,False,False
PLF72283606X,Textiles Gamma SA de CV,2025-09-28,Distribución,Guanajuato,AA0040,POSITIVA,255,115940861.3,0.85,72.7,19.2,8.1,2026-01-19,False,False
QOI978265KSP,Manufacturas Prime SC,2016-12-25,Alimentos y bebidas,Jalisco,AA0044,POSITIVA,281,106309501.59,1.78,80.3,21.5,-1.8,2026-01-20,False,False
XBV748980P0N,Corporativo Central SC,2022-06-30,Alimentos y bebidas,Nuevo León,AA0037,NO_INSCRITO,218,52390105.55,1.34,80.3,22.5,-2.8,2026-02-23,False,False
NEM756838MUE,Logística Prime SC,2020-08-18,Comercio al por mayor,Jalisco,AA0010,POSITIVA,13,4760787.82,5.65,59.7,37.3,3.0,2026-01-21,False,False
OKD716174DTN,Manufacturas Internacional SPR de RL,2024-03-17,Automotriz,Puebla,AA0018,POSITIVA,20,3448925.59,7.3,44.7,38.9,16.4,2025-12-07,False,True
FNI758239KYR,Distribuidora Internacional SA,2024-04-20,Distribución,Jalisco,AA0025,NEGATIVA,2,360502.42,8.13,19.0,34.2,46.8,2026-02-14,False,False
NFO885786C5B,Farmacéutica Central SA,2022-04-18,Construcción,Querétaro,AA0006,POSITIVA,343,166282922.31,0.81,86.0,10.8,3.2,2026-02-08,False,False
LCL910052SOL,Química Gamma SAPI de CV,2019-06-07,Manufactura,Jalisco,AA0017,POSITIVA,374,141117903.48,0.23,82.7,23.1,-5.8,2025-12-09,False,False
FPT739607G1R,Farmacéutica Omega SPR de RL,2018-02-18,Comercio al por mayor,Querétaro,AA0033,NEGATIVA,20,4979872.57,13.49,39.1,36.3,24.6,2026-01-22,False,False
BMA8934253C5,Industrias Central SA,2016-07-03,Electrónica,Jalisco,AA0004,NO_INSCRITO,333,102312754.47,1.91,88.5,5.8,5.7,2026-02-05,False,False
LVV744313SGI,Electrónica Prime SA de CV,2017-04-16,Alimentos y bebidas,Nuevo León,AA0036,POSITIVA,240,17655475.89,1.84,79.7,20.5,-0.2,2025-12-11,False,False
RHS778939MUF,Alimentos Prime SA de CV,2025-09-03,Alimentos y bebidas,Guanajuato,AA0012,NEGATIVA,20,6814223.39,3.86,51.3,39.8,8.9,2026-01-06,True,True
YIT800767IEC,Farmacéutica Central SAPI de CV,2017-02-11,Construcción,Veracruz,AA0003,NEGATIVA,2,246022.49,19.25,36.3,42.4,21.3,2025-12-03,False,True
KRG932989V12,Farmacéutica Global SPR de RL,2023-09-02,Electrónica,Puebla,AA0011,NO_INSCRITO,70,18042919.32,7.42,45.8,37.0,17.2,2026-01-24,False,False
VUD831174BRN,Química Internacional SC,2017-05-19,Comercio al por mayor,Puebla,AA0004,POSITIVA,440,40159286.79,0.32,81.2,15.3,3.5,2026-02-01,False,False
KJK742885NB7,Distribuidora Omega SAPI de CV,2025-04-03,Distribución,Baja California,AA0047,POSITIVA,474,154953783.25,0.94,90.8,20.2,-11.0,2026-02-19,False,False
PLU824692KBP,Industrias Delta SPR de RL,2025-04-17,Textil,Jalisco,AA0043,NO_INSCRITO,20,4863150.04,17.11,29.0,41.5,29.5,2025-12-13,False,False
RNJ975907T2S,Importadora Central SC,2026-02-19,Distribución,CDMX,AA0023,POSITIVA,241,91537453.78,0.51,70.4,20.8,8.8,2025-12-11,False,False
OVE9436979RG,Tecnología Omega SA de CV,2025-12-22,Química,Estado de México,AA0019,POSITIVA,455,225272873.3,0.4,71.0,23.7,5.3,2025-12-22,False,False
JUW874125J2P,Manufacturas Central SAPI de CV,2023-12-07,Electrónica,Guanajuato,AA0021,POSITIVA,404,152383384.77,1.0,93.1,15.4,-8.5,2026-02-19,False,False
CIH933889VPY,Industrias Nacional SAPI de CV,2022-09-10,Comercio al por mayor,Jalisco,AA0039,NO_INSCRITO,20,7040655.0,24.97,18.2,49.6,32.2,2026-01-09,False,True
RLD8238302NN,Corporativo Delta SA de CV,2025-01-27,Comercio al por mayor,Jalisco,AA0032,POSITIVA,239,54758561.64,0.74,89.1,16.5,-5.6,2025-12-08,False,False
NXD836567ZHW,Alimentos Nacional SC,2025-03-11,Tecnología,Jalisco,AA0046,NO_INSCRITO,15,5257918.59,10.94,31.4,49.9,18.7,2026-02-21,False,False
SSE889627SEH,Automotriz Internacional SPR de RL,2025-12-20,Textil,Puebla,AA0037,POSITIVA,238,18941622.07,0.93,94.6,7.6,-2.2,2026-01-10,False,False
BZQ936017QSE,Logística Delta SC,2023-05-16,Electrónica,Guanajuato,AA0006,NEGATIVA,14,1737339.6,16.55,36.0,46.6,17.4,2026-01-19,False,False
GQO765726WWD,Importadora Alpha SPR de RL,2016-07-12,Tecnología,Estado de México,AA0050,NO_INSCRITO,387,26523987.96,1.25,92.6,11.8,-4.4,2026-02-26,False,False
OQA986140K8R,Automotriz Prime SA,2019-10-31,Distribución,Querétaro,AA0033,NO_INSCRITO,30,13130048.54,4.64,54.5,25.1,20.4,2026-01-20,False,False
OIM840333QFB,Tecnología Internacional SC,2023-06-10,Automotriz,CDMX,AA0006,NEGATIVA,6,1645316.96,21.83,38.0,44.4,17.6,2025-12-26,False,True
YNZ812898VBK,Distribuidora Central SPR de RL,2023-05-02,Retail,Querétaro,AA0036,POSITIVA,105,22540539.91,0.86,92.1,19.6,-11.7,2026-01-09,False,False
HKL988384K9Y,Distribuidora Gamma SC,2024-10-21,Automotriz,Baja California,AA0030,NO_INSCRITO,53,14576858.0,5.35,51.0,23.6,25.4,2026-02-24,False,False
DXD867102F90,Textiles Omega SA de CV,2019-05-25,Farmacéutica,Veracruz,AA0017,POSITIVA,300,105963862.98,1.42,77.5,21.3,1.2,2026-01-07,False,False
ZUU819399ZVG,Grupo Global SPR de RL,2025-04-13,Farmacéutica,Veracruz,AA0048,POSITIVA,14,1654016.93,5.44,61.0,24.8,14.2,2025-12-03,True,False
SSN8705209RN,Corporativo Nacional SC,2023-11-17,Retail,Guanajuato,AA0050,POSITIVA,445,119207065.36,1.74,87.0,21.1,-8.1,2026-01-29,False,False
HFS866321RU7,Industrias Internacional SC,2021-10-19,Construcción,Veracruz,AA0014,POSITIVA,252,45217280.74,1.64,93.9,21.1,-15.0,2026-02-19,False,False
FOY842508EWV,Logística Gamma SA,2025-01-09,Química,Veracruz,AA0031,POSITIVA,101,5285496.74,0.83,87.9,7.0,5.1,2025-12-21,False,False
QTH849740X6D,Farmacéutica Internacional SAPI de CV,2017-03-02,Construcción,Guanajuato,AA0003,NEGATIVA,2,997454.62,23.52,15.3,47.6,37.1,2026-01-10,False,True
AOC875759K9T,Farmacéutica Omega SPR de RL,2017-07-06,Química,Estado de México,AA0012,POSITIVA,107,6028154.02,0.66,88.3,18.0,-6.3,2026-01-17,False,False
PQK924340SDY,Distribuidora Omega SC,2024-10-09,Construcción,Estado de México,AA0004,POSITIVA,183,57115642.89,0.77,81.2,10.3,8.5,2025-12-18,False,False
RME963566751,Farmacéutica Nacional SAPI de CV,2024-11-01,Retail,Chihuahua,AA0006,POSITIVA,118,43173052.6,0.96,81.4,24.8,-6.2,2025-12-31,False,False
NNJ758930CTS,Comercializadora Nacional SA,2023-08-30,Automotriz,Chihuahua,AA0004,NEGATIVA,15,6208671.56,9.98,16.2,41.7,42.1,2026-01-02,False,False
ORI711514O30,Farmacéutica Gamma SA,2022-08-29,Alimentos y bebidas,Puebla,AA0029,NEGATIVA,79,14156074.63,7.96,68.0,21.7,10.3,2026-02-06,False,True
WXJ982849E4E,Grupo Internacional SC,2025-05-30,Distribución,Guanajuato,AA0013,NO_INSCRITO,1,289370.12,20.86,39.4,39.3,21.3,2026-01-31,False,False
YSC919903W76,Grupo Alpha SAPI de CV,2025-10-29,Electrónica,Guanajuato,AA0015,POSITIVA,356,88121842.4,1.34,91.8,9.9,-1.7,2025-12-22,False,False
VTI868221I59,Electrónica Global SPR de RL,2024-07-18,Alimentos y bebidas,Puebla,AA0027,POSITIVA,352,96106332.74,1.76,92.8,17.5,-10.3,2026-01-16,False,False
DJT948361II4,Importadora Nacional SAPI de CV,2022-07-09,Comercio al por mayor,Guanajuato,AA0025,NEGATIVA,18,8370031.45,17.01,21.7,35.1,43.2,2026-01-13,False,True
RPW7987522VY,Automotriz Central SAPI de CV,2020-10-28,Textil,Estado de México,AA0036,POSITIVA,57,22198583.56,0.42,74.8,19.8,5.4,2026-01-29,False,False
IHM888456LM5,Alimentos Central SPR de RL,2017-11-25,Construcción,Puebla,AA0019,POSITIVA,154,17812444.02,0.74,80.3,16.3,3.4,2026-01-27,False,False
DIJ828934RXY,Química Alpha SA de CV,2017-08-31,Textil,Jalisco,AA0041,NEGATIVA,55,15717624.28,3.02,61.6,32.2,6.2,2026-02-20,False,True
GSA965250QCW,Electrónica Global SAPI de CV,2025-04-20,Manufactura,Nuevo León,AA0034,NO_INSCRITO,260,15005683.92,0.02,83.2,10.5,6.3,2025-12-02,False,False
DEN885930JON,Manufacturas Nacional SA,2023-11-17,Comercio al por mayor,CDMX,AA0045,NEGATIVA,48,4419610.92,6.1,65.4,36.3,-1.7,2026-01-12,False,True
EML873782U4D,Distribuidora Delta SPR de RL,2025-01-17,Distribución,Puebla,AA0005,NO_INSCRITO,19,2483481.0,16.08,11.4,31.5,57.1,2026-01-20,False,True
HOO904131YTN,Distribuidora Omega SA,2022-04-15,Automotriz,Estado de México,AA0023,NEGATIVA,2,972028.47,9.66,17.0,31.5,51.5,2026-01-19,False,False
OJE899368DW2,Importadora Gamma SA de CV,2024-12-07,Distribución,Puebla,AA0029,POSITIVA,29,7253803.04,6.44,49.5,22.7,27.8,2026-01-26,False,False
ONC747087MDV,Manufacturas Gamma SAPI de CV,2024-02-01,Tecnología,Guanajuato,AA0018,POSITIVA,93,26458224.61,1.45,84.0,24.9,-8.9,2025-12-04,False,False
MBL920879K2N,Tecnología Prime SA,2017-08-10,Química,Chihuahua,AA0009,POSITIVA,104,22978849.95,0.27,70.2,12.9,16.9,2026-01-18,False,False
HPS951240L88,Comercializadora Nacional SA de CV,2017-08-29,Construcción,Veracruz,AA0046,POSITIVA,51,16141610.44,4.26,64.5,29.8,5.7,2025-12-22,False,True
FUV73636032O,Manufacturas Nacional SA de CV,2024-10-10,Alimentos y bebidas,Baja California,AA0039,POSITIVA,64,18589781.15,6.73,42.2,44.8,13.0,2025-12-03,False,False
QCT886227FWU,Automotriz Central SAPI de CV,2018-09-08,Automotriz,Querétaro,AA0026,POSITIVA,457,129540760.75,0.86,70.3,10.2,19.5,2025-12-17,False,False
MRR779134MAD,Tecnología Prime SA de CV,2021-11-12,Tecnología,CDMX,AA0046,POSITIVA,54,5072239.66,3.87,53.7,25.2,21.1,2025-12-02,False,False
CWQ78626970S,Logística Delta SA,2019-06-16,Farmacéutica,Puebla,AA0025,NEGATIVA,8,505092.19,21.56,28.9,33.7,37.4,2025-12-13,False,False
AFH732902U2T,Industrias Prime SA,2020-12-15,Farmacéutica,Jalisco,AA0044,POSITIVA,491,111282598.06,0.98,94.1,11.3,-5.4,2026-02-15,False,False
SHP744535YLI,Logística Gamma SPR de RL,2018-12-24,Distribución,Veracruz,AA0019,POSITIVA,264,77040657.28,1.19,84.4,13.5,2.1,2025-12-09,False,False
DIL72820858R,Corporativo Alpha SC,2016-11-13,Retail,Baja California,AA0019,POSITIVA,400,121771603.86,0.98,87.8,13.9,-1.7,2026-02-01,False,False
ELT959787TEE,Corporativo Alpha SA,2017-02-01,Tecnología,Querétaro,AA0006,POSITIVA,418,143855647.22,0.88,75.5,13.5,11.0,2026-01-29,False,False
LZU824328H0Y,Industrias Omega SC,2023-06-16,Farmacéutica,Guanajuato,AA0033,POSITIVA,155,49380823.59,1.63,90.1,16.4,-6.5,2026-02-08,False,False
ZRC915895795,Tecnología Beta SA de CV,2023-03-14,Textil,Baja California,AA0048,NO_INSCRITO,41,13633146.54,6.57,60.3,32.2,7.5,2026-01-12,False,False
HYJ955976LA1,Comercializadora Central SA,2019-02-24,Alimentos y bebidas,CDMX,AA0003,POSITIVA,60,12119389.19,3.31,52.9,25.3,21.8,2025-12-18,False,False
CUL7652377FQ,Comercializadora Alpha SA,2021-09-08,Química,Guanajuato,AA0047,POSITIVA,497,108012858.63,1.87,76.9,18.1,5.0,2025-12-08,False,False
SGR750004ARE,Importadora Prime SC,2025-11-06,Tecnología,Jalisco,AA0025,POSITIVA,25,2254974.66,7.93,52.7,23.3,24.0,2026-02-16,True,False
UTD774997CUV,Textiles Global SC,2019-03-25,Textil,Querétaro,AA0009,POSITIVA,29,3277171.5,7.52,58.5,31.1,10.4,2026-02-14,False,True
GQG8494812Y4,Importadora Delta SA,2020-11-11,Química,Chihuahua,AA0005,POSITIVA,432,68127905.26,0.78,86.2,20.7,-6.9,2026-01-11,False,False
NZZ866023E4U,Alimentos Omega SPR de RL,2021-03-25,Textil,Puebla,AA0045,NEGATIVA,3,1430718.0,8.28,12.0,35.2,52.8,2026-01-10,False,True
KQN780149JLS,Distribuidora Delta SA de CV,2024-09-23,Textil,Nuevo León,AA0030,POSITIVA,440,166531758.73,1.67,87.0,6.3,6.7,2026-01-30,False,False
PBR792190EZZ,Industrias Global SC,2019-04-12,Electrónica,Nuevo León,AA0017,POSITIVA,43,17077176.12,3.0,43.8,39.5,16.7,2026-02-26,False,True
SOC938755SB4,Grupo Alpha SA,2024-02-19,Alimentos y bebidas,Puebla,AA0010,POSITIVA,343,149688648.56,1.35,72.9,19.8,7.3,2026-02-28,False,False
EYA919971II6,Logística Internacional SC,2022-04-17,Tecnología,Querétaro,AA0006,NO_INSCRITO,394,188858278.94,1.8,74.5,21.1,4.4,2026-02-21,False,False
OAF8594370IN,Industrias Alpha SA,2017-01-14,Construcción,Guanajuato,AA0007,POSITIVA,53,19189040.23,1.86,70.6,15.8,13.6,2026-02-28,False,False
FZK7315039FK,Distribuidora Global SAPI de CV,2017-05-04,Retail,Guanajuato,AA0017,NEGATIVA,15,1255105.77,24.57,12.5,31.9,55.6,2025-12-19,False,False
WYK871150LJC,Tecnología Omega SA de CV,2025-11-18,Manufactura,Jalisco,AA0044,NO_INSCRITO,280,40162164.43,0.93,80.2,15.7,4.1,2026-01-21,False,False
HSP8128334LD,Farmacéutica Gamma SA de CV,2018-09-21,Comercio al por mayor,CDMX,AA0050,NEGATIVA,43,3982934.11,6.92,45.2,43.8,11.0,2026-02-16,False,True
ZDV895261Y7D,Tecnología Alpha SAPI de CV,2025-05-05,Farmacéutica,Puebla,AA0047,POSITIVA,380,75695031.4,0.89,73.2,23.1,3.7,2026-02-24,False,False
KAR790701M6J,Electrónica Nacional SAPI de CV,2022-10-12,Química,Baja California,AA0002,POSITIVA,47,5252541.76,4.99,66.5,32.0,1.5,2026-02-04,False,False
ZUJ9855852MU,Farmacéutica Central SAPI de CV,2024-01-29,Distribución,Nuevo León,AA0016,POSITIVA,162,42485791.69,0.06,90.3,10.6,-0.9,2026-01-15,False,False
RGV72941318U,Textiles Gamma SPR de RL,2024-03-03,Retail,Veracruz,AA0035,POSITIVA,462,96214718.67,1.48,79.0,16.8,4.2,2025-12-19,False,False
IMC822062VAR,Farmacéutica Beta SPR de RL,2020-11-27,Alimentos y bebidas,Nuevo León,AA0024,POSITIVA,140,43956378.03,1.84,91.1,11.5,-2.6,2026-02-11,False,False
SRP876555KEF,Manufacturas Omega SC,2017-09-14,Distribución,Jalisco,AA0047,POSITIVA,337,106164291.12,1.39,93.2,20.7,-13.9,2026-02-07,False,False
ASO717078GL3,Química Prime SA,2025-04-22,Comercio al por mayor,Guanajuato,AA0014,POSITIVA,219,98198310.97,1.49,75.9,24.6,-0.5,2026-02-18,False,False
GBG756742ZBP,Comercializadora Internacional SA de CV,2018-07-11,Comercio al por mayor,Guanajuato,AA0002,POSITIVA,329,128707956.62,0.75,90.7,20.8,-11.5,2026-02-01,False,False
IYB7892855FC,Grupo Global SPR de RL,2016-07-03,Construcción,Baja California,AA0017,NEGATIVA,1,95566.01,15.33,29.6,42.1,28.3,2026-02-03,False,True
RHC906094U4F,Corporativo Global SA,2025-08-29,Automotriz,Guanajuato,AA0006,POSITIVA,71,18680582.3,3.2,40.8,24.3,34.9,2026-02-15,True,True
QKJ900088NQJ,Grupo Nacional SA de CV,2020-08-18,Textil,Baja California,AA0027,POSITIVA,127,37293810.69,1.5,86.7,6.7,6.6,2025-12-16,False,False
ZRY823645RC6,Distribuidora Global SA de CV,2016-10-05,Química,Puebla,AA0013,NEGATIVA,28,11586605.09,2.72,62.7,24.3,13.0,2026-02-13,False,True
ZQV835307L03,Importadora Global SAPI de CV,2024-01-29,Distribución,Chihuahua,AA0038,POSITIVA,191,60052164.74,1.04,92.9,5.2,1.9,2026-01-07,False,False
PZC755484UDK,Automotriz Delta SA de CV,2024-03-14,Construcción,Veracruz,AA0018,NO_INSCRITO,70,4721649.77,2.22,48.3,23.6,28.1,2026-01-18,False,False
XAV858989L44,Logística Global SA,2025-03-16,Electrónica,Querétaro,AA0004,NEGATIVA,15,2018565.91,21.16,19.6,44.6,35.8,2026-02-02,False,True
NEI965807O2S,Alimentos Global SA de CV,2025-01-31,Química,CDMX,AA0016,NO_INSCRITO,17,3667892.25,3.5,53.7,43.0,3.3,2026-01-01,False,False
JPE948918VMF,Corporativo Global SPR de RL,2023-03-27,Comercio al por mayor,CDMX,AA0031,POSITIVA,133,20122955.65,1.71,89.5,9.3,1.2,2026-02-03,False,False
XQP704538IV7,Importadora Alpha SPR de RL,2020-01-30,Química,Querétaro,AA0036,POSITIVA,228,75381985.47,0.92,75.5,11.0,13.5,2025-12-17,False,False
QPH756778RMJ,Comercializadora Alpha SA,2020-03-28,Tecnología,Guanajuato,AA0027,NEGATIVA,10,3472386.46,11.2,25.5,34.8,39.7,2025-12-04,False,False
KTP799671MZY,Electrónica Beta SAPI de CV,2019-02-23,Alimentos y bebidas,Estado de México,AA0048,NO_INSCRITO,33,15711812.2,3.76,54.1,38.5,7.4,2026-01-18,False,True
WKX894969JK4,Comercializadora Delta SC,2016-08-15,Textil,Chihuahua,AA0030,POSITIVA,70,16512878.5,7.34,55.0,41.7,3.3,2026-02-10,False,False
DWE742469RWG,Manufacturas Global SA,2023-02-11,Textil,Veracruz,AA0025,POSITIVA,446,39969897.69,0.34,89.1,14.8,-3.9,2025-12-13,False,False
ANS70748161T,Química Alpha SC,2023-02-14,Tecnología,Veracruz,AA0047,POSITIVA,405,76039475.53,1.75,77.8,7.1,15.1,2026-02-21,False,False
NNL770245M6M,Manufacturas Omega SPR de RL,2025-11-25,Farmacéutica,CDMX,AA0039,POSITIVA,117,43289946.24,0.42,70.5,15.1,14.4,2026-02-25,False,False
ZRQ710451BEP,Textiles Gamma SA,2020-05-01,Manufactura,Baja California,AA0047,POSITIVA,405,115076357.93,1.37,70.2,13.4,16.4,2025-12-12,False,False
QHU961059HHJ,Electrónica Beta SA de CV,2019-02-25,Farmacéutica,Veracruz,AA0010,POSITIVA,70,10886915.88,1.1,92.8,18.8,-11.6,2026-02-28,False,False
YUB7532066XQ,Distribuidora Gamma SAPI de CV,2025-10-01,Alimentos y bebidas,Querétaro,AA0029,POSITIVA,15,1391239.67,7.11,50.8,36.9,12.3,2026-02-24,True,True
YGT8954623GO,Importadora Global SPR de RL,2018-11-04,Automotriz,Chihuahua,AA0044,POSITIVA,265,20243582.68,1.3,89.9,7.3,2.8,2026-02-09,False,False
LPU715209550,Automotriz Central SAPI de CV,2025-12-25,Química,Querétaro,AA0034,POSITIVA,73,20890268.41,0.13,86.4,5.2,8.4,2025-12-18,False,False
NSC830426RXX,Corporativo Alpha SPR de RL,2025-12-15,Retail,Baja California,AA0042,POSITIVA,30,5828556.51,5.03,54.1,32.4,13.5,2026-01-18,True,False
JVC9329832Q4,Electrónica Omega SPR de RL,2021-11-01,Electrónica,Estado de México,AA0042,POSITIVA,12,4875629.74,2.62,52.4,33.9,13.7,2025-12-12,False,True
RYJ72855634L,Alimentos Nacional SC,2017-11-11,Construcción,Nuevo León,AA0003,POSITIVA,281,118988817.34,0.23,89.0,9.4,1.6,2026-01-23,False,False
XMV914645DVG,Tecnología Central SPR de RL,2018-01-15,Distribución,Veracruz,AA0001,POSITIVA,223,70237194.68,0.22,80.4,23.5,-3.9,2026-01-03,False,False
NBY953296726,Logística Delta SC,2021-03-21,Textil,Querétaro,AA0019,POSITIVA,248,59122985.64,1.32,85.2,11.4,3.4,2025-12-14,False,False
LDK968690KZ4,Electrónica Prime SA de CV,2023-08-13,Alimentos y bebidas,Baja California,AA0031,NO_INSCRITO,47,13007346.24,6.12,67.6,23.3,9.1,2025-12-03,False,True
PYS980019K43,Automotriz Omega SAPI de CV,2024-11-12,Electrónica,CDMX,AA0023,POSITIVA,78,12694691.36,0.4,88.8,8.2,3.0,2026-02-22,False,False
VCW8177020UI,Química Internacional SAPI de CV,2022-08-22,Química,Querétaro,AA0049,POSITIVA,453,73885889.02,1.95,77.8,16.0,6.2,2025-12-12,False,False
PTF801549KGY,Distribuidora Gamma SC,2025-11-26,Farmacéutica,CDMX,AA0050,POSITIVA,192,38160624.95,1.11,73.3,16.7,10.0,2026-02-10,False,False
YQR9572902TC,Electrónica Prime SC,2024-04-10,Alimentos y bebidas,Guanajuato,AA0014,POSITIVA,84,17407431.54,1.57,74.0,15.9,10.1,2026-02-02,False,False
YQM704716EMI,Logística Nacional SC,2023-06-12,Electrónica,Baja California,AA0029,POSITIVA,214,80418851.09,0.76,89.9,7.3,2.8,2026-02-26,False,False
MHQ868037S8G,Logística Global SA de CV,2023-01-31,Construcción,Jalisco,AA0002,POSITIVA,372,108620055.43,1.55,91.6,13.5,-5.1,2025-12-02,False,False
LIC728553GJC,Distribuidora Beta SC,2024-06-10,Electrónica,Nuevo León,AA0019,POSITIVA,65,25361847.45,3.9,51.7,23.0,25.3,2025-12-17,False,True
UHC929569N3B,Industrias Alpha SPR de RL,2025-12-11,Electrónica,Jalisco,AA0008,POSITIVA,458,205706190.32,1.7,77.4,17.7,4.9,2025-12-09,False,False
BOK9871628K0,Química Alpha SPR de RL,2018-07-16,Automotriz,Baja California,AA0005,NEGATIVA,5,1759700.3,10.74,16.6,46.7,36.7,2025-12-19,False,True
HBC9555298MY,Farmacéutica Prime SA,2019-12-21,Distribución,CDMX,AA0021,NEGATIVA,11,3349482.44,16.26,19.9,43.2,36.9,2026-01-14,False,True
GFT928755JMY,Corporativo Beta SA de CV,2017-12-23,Comercio al por mayor,Baja California,AA0041,NEGATIVA,72,32478024.06,5.31,45.3,35.2,19.5,2026-02-04,False,True
APK8116486TT,Alimentos Alpha SAPI de CV,2023-11-04,Farmacéutica,Jalisco,AA0049,POSITIVA,445,40383443.36,1.18,91.4,7.7,0.9,2026-01-14,False,False
NLE7767510RM,Distribuidora Prime SA de CV,2025-11-09,Construcción,Baja California,AA0041,POSITIVA,71,32876967.11,1.34,82.9,20.8,-3.7,2026-02-24,False,False
VVG985497UNN,Distribuidora Nacional SAPI de CV,2022-04-18,Automotriz,Jalisco,AA0015,POSITIVA,164,43779724.62,1.03,78.8,22.4,-1.2,2025-12-14,False,False
CQF798093FV3,Comercializadora Central SPR de RL,2018-07-08,Distribución,Jalisco,AA0041,NO_INSCRITO,71,4267150.92,6.05,54.4,34.8,10.8,2026-02-24,False,False
NXD787311JG8,Textiles Gamma SPR de RL,2022-12-16,Distribución,Chihuahua,AA0043,POSITIVA,46,5830732.43,7.68,46.5,35.2,18.3,2026-01-08,False,False
NER937849VCN,Alimentos Beta SA de CV,2024-11-10,Automotriz,Jalisco,AA0039,NEGATIVA,17,7564807.68,19.63,34.8,42.1,23.1,2025-12-23,False,True
OAY926329SNB,Manufacturas Gamma SC,2020-08-05,Automotriz,Estado de México,AA0006,POSITIVA,443,161038660.69,0.76,84.7,19.8,-4.5,2026-02-17,False,False
HWK799202A0A,Textiles Prime SPR de RL,2025-06-07,Tecnología,Puebla,AA0049,NO_INSCRITO,50,21736980.84,4.45,43.2,30.7,26.1,2026-01-06,True,False
FOO793801NTJ,Importadora Delta SPR de RL,2019-04-22,Textil,Querétaro,AA0036,POSITIVA,120,43762817.88,1.71,86.5,20.0,-6.5,2026-02-09,False,False
PRB9041038AD,Alimentos Omega SPR de RL,2016-06-08,Comercio al por mayor,Jalisco,AA0041,NO_INSCRITO,163,37537300.36,0.74,85.2,19.5,-4.7,2025-12-08,False,False
MAW971762KBV,Manufacturas Central SAPI de CV,2020-07-27,Electrónica,CDMX,AA0048,NEGATIVA,56,11698817.12,3.44,40.0,23.9,36.1,2026-01-10,False,False
SXO882603M3I,Corporativo Nacional SPR de RL,2018-08-21,Tecnología,Veracruz,AA0025,POSITIVA,258,26484744.61,1.01,84.0,15.1,0.9,2025-12-26,False,False
OUT940669Y65,Grupo Omega SA de CV,2025-06-28,Textil,Querétaro,AA0005,NEGATIVA,38,13883997.24,6.06,46.9,27.9,25.2,2026-01-27,True,True
OEI8146926J8,Farmacéutica Beta SA de CV,2017-07-28,Manufactura,Veracruz,AA0040,POSITIVA,173,56807768.6,1.75,75.2,9.1,15.7,2026-02-10,False,False
AWY952960NL6,Distribuidora Nacional SC,2024-05-24,Textil,Jalisco,AA0030,POSITIVA,75,19893302.59,3.68,46.7,34.4,18.9,2025-12-22,False,False
ZSL704514AHU,Manufacturas Prime SC,2016-04-18,Textil,Guanajuato,AA0029,POSITIVA,184,50498157.38,0.47,81.8,17.3,0.9,2026-02-03,False,False
EDO8199353Z2,Corporativo Nacional SPR de RL,2023-12-15,Comercio al por mayor,Puebla,AA0007,POSITIVA,29,11698594.82,4.84,40.3,30.5,29.2,2026-01-22,False,False
RBV9499444D0,Electrónica Nacional SAPI de CV,2019-02-16,Tecnología,Querétaro,AA0021,NEGATIVA,9,2786257.71,13.85,22.4,37.0,40.6,2025-12-08,False,True
RMT741209NKW,Textiles Global SC,2019-05-21,Automotriz,Querétaro,AA0048,POSITIVA,61,20975209.52,7.09,42.1,24.0,33.9,2026-01-26,False,False
PZK7965104EI,Importadora Omega SPR de RL,2023-03-15,Distribución,Nuevo León,AA0042,POSITIVA,98,22408252.17,0.13,92.0,16.0,-8.0,2026-02-19,False,False
YKF849090PES,Alimentos Gamma SPR de RL,2022-10-10,Farmacéutica,Veracruz,AA0041,NO_INSCRITO,11,1218818.79,22.69,24.0,47.4,28.6,2025-12-02,False,False
TWL979957LMT,Distribuidora Internacional SA,2023-12-05,Tecnología,CDMX,AA0050,POSITIVA,205,36703817.42,0.02,83.1,20.2,-3.3,2025-12-23,False,False
LHG703885TG5,Farmacéutica Omega SA,2024-01-22,Retail,Nuevo León,AA0012,NO_INSCRITO,59,10508170.49,6.97,46.6,22.0,31.4,2025-12-23,False,False
DCL937481JWG,Tecnología Delta SC,2022-08-11,Textil,Guanajuato,AA0032,POSITIVA,102,9240041.53,0.56,73.1,13.8,13.1,2026-02-28,False,False
ZMU873246C1F,Farmacéutica Internacional SAPI de CV,2022-05-14,Construcción,CDMX,AA0013,NO_INSCRITO,480,178371424.6,0.5,79.5,5.3,15.2,2026-01-11,False,False
LUN809387RYL,Importadora Delta SA,2022-09-11,Alimentos y bebidas,CDMX,AA0011,POSITIVA,112,49128346.35,0.51,86.0,9.0,5.0,2026-02-02,False,False
UPK827549AB2,Comercializadora Nacional SA de CV,2023-03-28,Distribución,Veracruz,AA0015,NEGATIVA,41,3152851.18,2.95,42.7,35.5,21.8,2025-12-09,False,True
IOQ8821952PG,Alimentos Prime SC,2019-02-24,Construcción,Veracruz,AA0018,POSITIVA,70,9477938.84,0.97,80.9,10.9,8.2,2026-02-06,False,False
WPW784167CFK,Electrónica Nacional SA,2019-01-19,Retail,Baja California,AA0044,NEGATIVA,74,14379113.34,4.27,45.6,20.5,33.9,2026-02-21,False,True
MOP869236OLD,Electrónica Internacional SPR de RL,2022-09-04,Farmacéutica,Chihuahua,AA0017,POSITIVA,497,168377760.58,0.06,72.7,8.8,18.5,2026-01-11,False,False
BFS7069617HR,Importadora Delta SPR de RL,2023-11-08,Manufactura,Nuevo León,AA0047,NO_INSCRITO,63,23967414.59,6.93,63.8,21.5,14.7,2026-01-22,False,True
GKF830524U8U,Alimentos Prime SAPI de CV,2021-12-25,Electrónica,Chihuahua,AA0029,POSITIVA,395,51815484.74,0.92,86.6,22.7,-9.3,2026-01-09,False,False
YXO8703134OW,Automotriz Alpha SC,2020-06-20,Farmacéutica,CDMX,AA0034,POSITIVA,442,213009079.31,1.1,88.6,12.2,-0.8,2026-03-01,False,False
DXA816433HL1,Grupo Delta SC,2016-12-16,Tecnología,Nuevo León,AA0037,POSITIVA,342,73594057.24,0.31,70.9,12.1,17.0,2025-12-17,False,False
KXT8703332G3,Industrias Global SA,2016-09-14,Manufactura,Estado de México,AA0048,POSITIVA,378,28412452.77,0.6,88.3,16.5,-4.8,2026-01-18,False,False
QPA900634BSL,Grupo Global SC,2019-07-03,Textil,Jalisco,AA0009,POSITIVA,75,23164851.32,1.35,94.9,24.4,-19.3,2026-02-18,False,False
IMT987490ODS,Corporativo Global SC,2021-08-27,Química,Chihuahua,AA0006,POSITIVA,252,40524278.31,1.3,74.9,17.3,7.8,2026-02-20,False,False
CKJ799972LVA,Importadora Alpha SAPI de CV,2019-03-31,Farmacéutica,Jalisco,AA0019,NEGATIVA,15,1802940.72,18.59,23.2,48.5,28.3,2026-02-19,False,False
ASC936062QL0,Alimentos Alpha SC,2017-01-14,Distribución,CDMX,AA0019,POSITIVA,297,65183481.43,1.25,94.8,18.9,-13.7,2025-12-07,False,False
FSH943874XAN,Tecnología Central SPR de RL,2019-02-16,Manufactura,Jalisco,AA0013,POSITIVA,494,182463819.87,1.77,79.7,24.6,-4.3,2026-01-20,False,False
NLY711367B7K,Logística Alpha SPR de RL,2025-06-24,Tecnología,Estado de México,AA0010,NO_INSCRITO,55,18238361.0,5.75,47.1,44.5,8.4,2026-01-11,True,True
IKD900487SY5,Electrónica Delta SAPI de CV,2024-07-12,Tecnología,Baja California,AA0009,POSITIVA,209,23483122.35,1.82,78.2,15.8,6.0,2025-12-22,False,False
LXU782963LU8,Logística Omega SAPI de CV,2019-08-10,Retail,Nuevo León,AA0009,POSITIVA,65,16207881.25,1.53,92.0,13.3,-5.3,2025-12-10,False,False
ETP840013VWV,Tecnología Gamma SAPI de CV,2023-03-29,Retail,Estado de México,AA0003,NO_INSCRITO,71,30775535.37,2.8,65.4,31.7,2.9,2025-12-29,False,True
KZY916655IYH,Automotriz Global SC,2021-03-07,Textil,Chihuahua,AA0048,NEGATIVA,20,7985932.47,16.33,19.7,39.2,41.1,2025-12-14,False,False
ONQ720292SQ3,Farmacéutica Omega SA,2017-05-08,Distribución,Puebla,AA0019,NEGATIVA,2,495598.49,17.48,25.5,42.6,31.9,2026-01-22,False,False
PBN774675QXD,Corporativo Prime SAPI de CV,2021-02-24,Construcción,Nuevo León,AA0006,NEGATIVA,18,8048642.42,10.3,22.4,39.0,38.6,2026-02-18,False,True
CLJ974732Z09,Farmacéutica Alpha SA,2018-12-02,Tecnología,Guanajuato,AA0047,POSITIVA,137,60412662.84,1.82,84.1,18.2,-2.3,2026-02-07,False,False
TLQ76173368A,Tecnología Beta SPR de RL,2018-01-09,Farmacéutica,CDMX,AA0016,POSITIVA,463,122264593.08,0.01,92.1,9.8,-1.9,2026-01-08,False,False
WHQ808962BFX,Electrónica Central SPR de RL,2022-10-21,Electrónica,Jalisco,AA0030,NEGATIVA,48,16917154.7,3.99,42.6,22.7,34.7,2025-12-13,False,True
TJA857017L63,Importadora Central SPR de RL,2023-08-16,Manufactura,Veracruz,AA0047,POSITIVA,405,58349541.16,1.72,78.2,13.3,8.5,2026-02-22,False,False
RYZ850669P4J,Distribuidora Beta SA de CV,2019-03-14,Automotriz,Nuevo León,AA0048,POSITIVA,73,26927085.17,5.12,59.0,32.3,8.7,2026-02-05,False,True
WUZ917177BM3,Manufacturas Central SPR de RL,2020-11-28,Comercio al por mayor,Jalisco,AA0013,POSITIVA,84,30124592.81,0.62,82.7,11.5,5.8,2026-01-17,False,False
IIR9488752XR,Alimentos Nacional SA de CV,2017-02-22,Retail,Chihuahua,AA0044,POSITIVA,466,175324983.17,0.83,88.6,21.7,-10.3,2026-01-20,False,False
IXU7348158KB,Corporativo Global SA de CV,2017-03-05,Automotriz,Estado de México,AA0024,POSITIVA,249,108568672.46,0.37,72.9,20.6,6.5,2026-02-25,False,False
LYF858602GNB,Farmacéutica Beta SPR de RL,2018-03-11,Química,Jalisco,AA0014,NEGATIVA,74,29525255.87,2.92,50.2,32.1,17.7,2026-02-11,False,False
SLS973960ELB,Industrias Delta SAPI de CV,2019-06-06,Tecnología,Guanajuato,AA0035,POSITIVA,316,106644591.16,1.53,88.6,5.4,6.0,2026-02-03,False,False
ILD778388FE8,Textiles Prime SPR de RL,2023-09-22,Automotriz,CDMX,AA0009,POSITIVA,213,27066706.4,0.54,93.6,21.1,-14.7,2026-01-21,False,False
AXB901217BPG,Textiles Gamma SA de CV,2018-03-02,Construcción,Veracruz,AA0007,POSITIVA,468,217738308.58,0.4,89.0,21.2,-10.2,2026-01-01,False,False
LRS944102Q8F,Tecnología Gamma SC,2024-06-10,Alimentos y bebidas,Chihuahua,AA0037,POSITIVA,52,5241557.14,6.73,66.5,31.3,2.2,2025-12-30,False,False
DCV756190LX2,Manufacturas Global SPR de RL,2018-09-03,Alimentos y bebidas,Baja California,AA0045,POSITIVA,174,72429599.69,1.1,94.3,12.7,-7.0,2025-12-16,False,False
GRC955235EVL,Distribuidora Beta SAPI de CV,2023-12-02,Distribución,Chihuahua,AA0049,POSITIVA,356,96986082.61,0.22,90.4,20.4,-10.8,2025-12-07,False,False
QAD778333QKW,Importadora Central SA de CV,2020-11-10,Farmacéutica,Baja California,AA0026,NO_INSCRITO,341,127195063.0,1.59,87.0,23.4,-10.4,2026-01-16,False,False
WWB9878748AU,Electrónica Gamma SA,2020-01-02,Distribución,Estado de México,AA0036,POSITIVA,409,100546728.41,1.18,85.6,19.2,-4.8,2026-02-02,False,False
JYV780981K5E,Textiles Global SPR de RL,2026-02-24,Distribución,Veracruz,AA0033,NO_INSCRITO,14,6329569.56,24.57,14.1,32.7,53.2,2025-12-02,True,False
LVK818454GVU,Importadora Gamma SPR de RL,2023-03-03,Tecnología,Veracruz,AA0034,NO_INSCRITO,19,5911298.08,14.24,39.3,41.4,19.3,2025-12-03,False,True
CXC947801WXY,Automotriz Prime SA,2017-02-13,Alimentos y bebidas,Guanajuato,AA0019,POSITIVA,77,35244808.57,1.81,83.4,5.2,11.4,2025-12-18,False,False
ESP8595210UC,Corporativo Gamma SPR de RL,2021-04-09,Tecnología,Guanajuato,AA0017,POSITIVA,47,20358067.17,6.85,58.7,27.2,14.1,2026-01-25,False,True
ACE779339XNG,Farmacéutica Global SA,2024-07-03,Retail,Veracruz,AA0047,NO_INSCRITO,66,7878263.87,0.69,72.1,7.9,20.0,2025-12-28,False,False
QFT881020BJ3,Comercializadora Nacional SA,2024-09-11,Comercio al por mayor,Guanajuato,AA0029,POSITIVA,432,97429702.6,1.9,93.1,9.7,-2.8,2026-01-27,False,False
JIN721606DTM,Textiles Delta SPR de RL,2023-06-15,Alimentos y bebidas,Jalisco,AA0021,POSITIVA,100,15880863.58,0.51,84.6,14.2,1.2,2025-12-05,False,False
ORV706372OSY,Importadora Beta SA de CV,2024-07-20,Farmacéutica,Jalisco,AA0025,POSITIVA,367,175323251.62,0.18,93.5,18.1,-11.6,2025-12-10,False,False
RXO7969726ZJ,Corporativo Alpha SA,2022-04-26,Textil,Querétaro,AA0004,NO_INSCRITO,9,1105962.43,21.08,30.8,43.4,25.8,2026-02-20,False,False
GVE736485R7V,Importadora Central SC,2025-11-30,Automotriz,CDMX,AA0032,POSITIVA,270,26049384.59,0.44,86.1,23.3,-9.4,2026-02-20,False,False
DQY904826JZ6,Química Internacional SA de CV,2017-05-21,Farmacéutica,Baja California,AA0023,NO_INSCRITO,71,3655670.16,4.62,65.3,39.5,-4.8,2025-12-03,False,True
IHB747636N4M,Importadora Internacional SAPI de CV,2024-05-09,Distribución,CDMX,AA0013,POSITIVA,246,88554873.87,1.32,77.5,12.8,9.7,2025-12-29,False,False
AZG903927CTL,Química Nacional SAPI de CV,2025-06-01,Construcción,Chihuahua,AA0015,POSITIVA,453,129287938.47,1.44,80.1,9.2,10.7,2025-12-05,False,False
YAD710095Q7B,Importadora Internacional SPR de RL,2025-03-07,Farmacéutica,Estado de México,AA0005,NEGATIVA,49,20482493.92,6.92,42.9,35.3,21.8,2026-02-16,True,True
ULV910869L9U,Tecnología Delta SPR de RL,2020-10-10,Comercio al por mayor,Jalisco,AA0007,POSITIVA,221,47839274.3,0.13,76.8,20.2,3.0,2026-02-08,False,False
UQJ782809ARA,Manufacturas Delta SAPI de CV,2016-07-05,Farmacéutica,CDMX,AA0039,POSITIVA,463,79602379.91,1.58,81.9,7.5,10.6,2026-01-03,False,False
EMY858016MAI,Electrónica Internacional SA,2022-02-04,Distribución,Jalisco,AA0043,NEGATIVA,18,2469123.84,16.63,23.9,42.5,33.6,2026-02-10,False,True
XBJ809986PM2,Textiles Prime SA,2021-12-30,Retail,Querétaro,AA0015,NEGATIVA,6,2247788.32,10.69,10.9,40.3,48.8,2025-12-16,False,True
UIC9164195NH,Industrias Omega SAPI de CV,2025-07-03,Alimentos y bebidas,Jalisco,AA0003,POSITIVA,160,59827127.56,1.86,81.4,12.7,5.9,2025-12-11,False,False
RBD944175QGM,Textiles Internacional SA,2021-05-29,Tecnología,CDMX,AA0047,POSITIVA,31,13577676.79,5.47,56.6,25.7,17.7,2026-02-02,False,False
LWG927772U6V,Química Beta SA,2023-02-10,Automotriz,Estado de México,AA0006,POSITIVA,290,120168006.02,1.47,82.6,13.5,3.9,2025-12-02,False,False
OAT814399EKX,Comercializadora Prime SA,2017-10-14,Construcción,CDMX,AA0041,POSITIVA,285,113237839.75,1.72,88.7,5.5,5.8,2026-01-09,False,False
BXI717252K1Z,Manufacturas Prime SA,2016-09-18,Farmacéutica,CDMX,AA0024,NO_INSCRITO,20,8991801.15,5.72,50.1,43.3,6.6,2026-02-15,False,False
JQS807429EMT,Tecnología Internacional SPR de RL,2016-08-29,Electrónica,Nuevo León,AA0031,POSITIVA,38,2983612.98,3.92,66.9,32.6,0.5,2026-01-16,False,True
SRN853331QNY,Automotriz Gamma SA,2021-01-20,Distribución,Estado de México,AA0034,POSITIVA,91,11297176.58,0.78,74.5,24.2,1.3,2026-02-15,False,False
YAK9839687RP,Farmacéutica Prime SA,2025-02-08,Farmacéutica,Baja California,AA0036,POSITIVA,460,93958043.07,0.46,93.7,17.9,-11.6,2025-12-09,False,False
LHD860792GJR,Logística Gamma SAPI de CV,2025-01-12,Retail,Nuevo León,AA0003,POSITIVA,135,17403080.2,1.24,74.0,15.7,10.3,2025-12-03,False,False
ZOL893915GUB,Logística Prime SAPI de CV,2024-03-14,Comercio al por mayor,Baja California,AA0033,NO_INSCRITO,133,52645812.23,1.07,73.0,5.5,21.5,2026-01-02,False,False
ISM852053819,Textiles Delta SA,2016-10-29,Alimentos y bebidas,Nuevo León,AA0021,NEGATIVA,11,2075006.89,19.72,31.9,48.0,20.1,2026-01-09,False,True
BQP81656821H,Manufacturas Gamma SA,2018-03-04,Alimentos y bebidas,Puebla,AA0024,NEGATIVA,17,7799619.17,14.71,24.7,42.1,33.2,2026-01-14,False,True
AII9337115D0,Química Nacional SC,2024-01-01,Manufactura,Chihuahua,AA0049,NO_INSCRITO,64,9184173.17,6.37,52.4,40.9,6.7,2025-12-31,False,True
JAQ843404OUZ,Grupo Alpha SA de CV,2021-01-30,Distribución,Guanajuato,AA0020,POSITIVA,301,90804619.13,0.08,90.7,21.7,-12.4,2026-01-01,False,False
YVM850932PRY,Tecnología Beta SC,2021-10-30,Electrónica,Chihuahua,AA0002,POSITIVA,84,13949056.13,1.2,79.0,14.6,6.4,2025-12-04,False,False
VEB867705QYM,Farmacéutica Beta SPR de RL,2019-02-12,Distribución,Baja California,AA0021,NEGATIVA,12,4738789.16,8.83,18.7,42.8,38.5,2026-02-06,False,True
WVR857949JZN,Comercializadora Nacional SAPI de CV,2019-03-23,Retail,Baja California,AA0040,NO_INSCRITO,315,38859380.95,0.56,89.5,13.2,-2.7,2026-02-02,False,False
RYV989042Z2P,Comercializadora Omega SA de CV,2021-09-11,Construcción,Nuevo León,AA0015,NO_INSCRITO,209,59649540.33,1.38,73.5,13.8,12.7,2026-01-17,False,False
DSR861281EEC,Logística Omega SA de CV,2025-03-13,Manufactura,Guanajuato,AA0043,POSITIVA,270,20700726.3,0.09,72.7,20.9,6.4,2026-02-14,False,False
ACD807790VHY,Importadora Central SA de CV,2021-07-14,Electrónica,Estado de México,AA0046,NO_INSCRITO,19,5266973.91,13.91,14.8,40.0,45.2,2026-02-21,False,True
EHX981709A07,Grupo Global SA de CV,2023-03-08,Alimentos y bebidas,Nuevo León,AA0030,NO_INSCRITO,275,66231366.11,1.35,72.7,21.7,5.6,2025-12-26,False,False
CDT851238UBL,Electrónica Prime SAPI de CV,2019-12-27,Comercio al por mayor,Veracruz,AA0044,POSITIVA,66,29874213.02,3.36,52.2,44.6,3.2,2025-12-31,False,True
CLR744668EOZ,Farmacéutica Central SPR de RL,2024-09-10,Tecnología,Puebla,AA0023,POSITIVA,152,57203714.22,1.19,94.8,7.5,-2.3,2026-01-25,False,False
MPK954135SFQ,Textiles Prime SAPI de CV,2017-09-05,Tecnología,Chihuahua,AA0040,POSITIVA,27,13160681.49,2.18,62.1,40.8,-2.9,2026-01-12,False,True
CBT9581492HX,Química Global SA,2020-03-26,Automotriz,CDMX,AA0003,POSITIVA,79,17588042.12,5.28,68.6,20.8,10.6,2026-01-20,False,True
ERU786159REZ,Manufacturas Central SC,2016-10-14,Tecnología,Querétaro,AA0004,NO_INSCRITO,79,13313549.49,5.43,54.3,41.4,4.3,2025-12-16,False,False
ABV8830123V1,Logística Beta SC,2025-04-15,Manufactura,Querétaro,AA0011,POSITIVA,232,44183190.75,0.82,71.4,9.9,18.7,2026-02-19,False,False
AIL921598U6J,Tecnología Nacional SC,2025-03-10,Distribución,Chihuahua,AA0020,POSITIVA,342,120999628.35,0.78,84.3,21.2,-5.5,2026-01-17,False,False
JLM7395904TK,Farmacéutica Nacional SA,2016-09-25,Textil,Estado de México,AA0023,POSITIVA,430,74396114.31,1.92,87.9,16.6,-4.5,2025-12-19,False,False
UQH857339PTH,Corporativo Nacional SPR de RL,2017-05-22,Textil,Chihuahua,AA0047,POSITIVA,33,4812349.15,7.29,58.8,32.9,8.3,2026-01-01,False,False
QNJ777561I01,Comercializadora Delta SA de CV,2019-08-05,Retail,Guanajuato,AA0030,NEGATIVA,7,1628477.71,22.38,18.0,35.7,46.3,2026-02-15,False,True
MZK719501HJB,Logística Prime SA de CV,2023-04-27,Textil,Jalisco,AA0016,NEGATIVA,16,7043636.81,21.3,11.7,47.9,40.4,2026-01-08,False,False
CTY973757XU1,Logística Global SAPI de CV,2017-08-07,Distribución,Nuevo León,AA0012,POSITIVA,112,46214417.04,1.55,77.8,21.6,0.6,2026-01-30,False,False
FHK729422RN8,Electrónica Central SA de CV,2018-06-01,Construcción,CDMX,AA0045,POSITIVA,192,80565967.64,1.76,93.4,12.3,-5.7,2026-02-27,False,False
XRG901789L8N,Corporativo Delta SAPI de CV,2017-03-03,Automotriz,Querétaro,AA0050,NO_INSCRITO,13,1177964.42,8.13,38.8,48.6,12.6,2026-01-30,False,False
QUH74209337Q,Farmacéutica Alpha SAPI de CV,2018-06-06,Química,Veracruz,AA0042,NO_INSCRITO,30,7619033.67,6.19,55.2,28.8,16.0,2026-02-26,False,False
DKQ864581UDI,Importadora Global SC,2016-07-03,Distribución,Puebla,AA0025,POSITIVA,50,20489395.03,4.71,66.2,23.3,10.5,2026-02-04,False,False
YWF7121437XW,Importadora Alpha SPR de RL,2023-11-14,Textil,Veracruz,AA0044,NEGATIVA,2,253110.6,14.82,22.9,35.2,41.9,2025-12-19,False,False
MFF839667KRE,Textiles Internacional SAPI de CV,2020-10-01,Alimentos y bebidas,Chihuahua,AA0044,POSITIVA,396,193746038.63,0.38,74.5,20.8,4.7,2026-01-30,False,False
QCM8695749OH,Electrónica Central SA de CV,2018-06-03,Comercio al por mayor,Guanajuato,AA0033,POSITIVA,98,20524704.25,1.11,71.3,23.6,5.1,2025-12-14,False,False
QHK894560E6B,Tecnología Omega SC,2021-04-06,Textil,Guanajuato,AA0017,NEGATIVA,15,2864569.85,10.24,19.5,40.6,39.9,2026-02-13,False,True
PTG864208PF0,Manufacturas Beta SA,2016-12-07,Comercio al por mayor,Veracruz,AA0023,POSITIVA,66,8157582.22,2.32,44.5,25.7,29.8,2026-01-01,False,False
ZOL75907845E,Alimentos Central SAPI de CV,2024-08-05,Textil,Nuevo León,AA0016,POSITIVA,310,154721635.49,1.65,84.1,18.3,-2.4,2026-03-01,False,False
TRX713712K9E,Distribuidora Prime SA de CV,2021-12-23,Química,Chihuahua,AA0029,POSITIVA,91,15578589.96,0.92,87.7,14.6,-2.3,2025-12-07,False,False
ITT767902HBX,Comercializadora Global SA,2022-05-17,Tecnología,Jalisco,AA0008,NEGATIVA,21,1243838.74,4.39,45.3,44.1,10.6,2026-02-03,False,True
HUT8626836VM,Comercializadora Global SA,2024-02-19,Manufactura,CDMX,AA0033,POSITIVA,248,102906970.53,0.95,84.1,13.5,2.4,2025-12-13,False,False
IMF7814027SX,Textiles Alpha SPR de RL,2017-12-01,Manufactura,CDMX,AA0033,NEGATIVA,16,4566262.81,13.11,39.5,43.7,16.8,2026-01-23,False,True
CLC832945MV1,Tecnología Central SC,2024-11-05,Alimentos y bebidas,Jalisco,AA0014,POSITIVA,251,94336494.65,0.09,80.4,19.1,0.5,2025-12-06,False,False
ETP755848PAO,Automotriz Global SC,2017-10-25,Manufactura,Jalisco,AA0009,POSITIVA,386,188470232.67,1.93,85.0,14.7,0.3,2026-01-14,False,False
ACA7987834HX,Automotriz Internacional SA,2018-04-13,Automotriz,CDMX,AA0029,NEGATIVA,18,1843316.44,11.25,19.0,39.3,41.7,2026-02-10,False,True
PFO905482BAW,Logística Internacional SAPI de CV,2017-08-10,Construcción,CDMX,AA0034,POSITIVA,333,125233435.65,2.0,70.9,13.0,16.1,2025-12-05,False,False
AOO8405306PR,Industrias Central SA,2019-04-12,Distribución,Guanajuato,AA0047,POSITIVA,132,19650319.3,0.58,74.8,11.9,13.3,2025-12-04,False,False
SYV888978224,Corporativo Delta SAPI de CV,2020-01-01,Electrónica,CDMX,AA0002,POSITIVA,297,70446309.97,0.26,75.0,17.1,7.9,2025-12-28,False,False
JGR79170136B,Corporativo Gamma SPR de RL,2026-01-28,Farmacéutica,Nuevo León,AA0046,POSITIVA,337,23928469.74,0.45,76.4,11.8,11.8,2025-12-20,False,False
BYU75826092V,Tecnología Beta SAPI de CV,2022-09-12,Química,Querétaro,AA0022,POSITIVA,110,27355136.55,1.74,92.8,8.1,-0.9,2025-12-27,False,False
VDF9180731A4,Manufacturas Delta SAPI de CV,2019-12-14,Textil,Puebla,AA0027,POSITIVA,240,93346275.94,1.43,80.4,17.6,2.0,2025-12-24,False,False
XYN8897747P1,Distribuidora Nacional SC,2024-12-20,Textil,Puebla,AA0044,POSITIVA,445,150703517.33,0.33,71.5,20.2,8.3,2025-12-18,False,False
SWS8645676AK,Manufacturas Delta SC,2021-07-09,Manufactura,CDMX,AA0035,POSITIVA,155,31831230.27,1.78,85.6,17.4,-3.0,2025-12-08,False,False
IST766164STH,Importadora Alpha SC,2019-09-01,Tecnología,Baja California,AA0023,POSITIVA,30,11307874.83,2.14,66.7,33.5,-0.2,2025-12-27,False,False
DTY935368K0Q,Automotriz Delta SA de CV,2016-10-28,Alimentos y bebidas,Baja California,AA0038,NEGATIVA,18,6686242.93,22.36,17.0,36.0,47.0,2025-12-25,False,True
FUL776937Z3C,Tecnología Global SA,2021-09-16,Construcción,Veracruz,AA0047,POSITIVA,239,105735190.96,1.35,80.1,16.2,3.7,2025-12-17,False,False
ZVD766750RQ8,Importadora Beta SC,2021-11-04,Farmacéutica,Guanajuato,AA0003,NO_INSCRITO,66,21167526.35,1.49,93.6,12.4,-6.0,2026-01-08,False,False
NDH896425KR2,Manufacturas Internacional SPR de RL,2025-12-19,Tecnología,Chihuahua,AA0029,NEGATIVA,10,804040.42,11.66,34.6,39.8,25.6,2026-02-24,True,False
XUM7697311SQ,Electrónica Internacional SC,2025-07-14,Química,Nuevo León,AA0011,POSITIVA,21,4253529.99,6.8,59.9,30.2,9.9,2026-02-24,True,False
SOU862026UEU,Comercializadora Alpha SC,2017-02-02,Retail,Estado de México,AA0046,POSITIVA,341,118059139.88,1.04,88.8,15.1,-3.9,2025-12-23,False,False
VPC979831VOB,Comercializadora Omega SA de CV,2024-03-18,Distribución,Guanajuato,AA0027,POSITIVA,320,40214462.94,0.63,76.4,7.3,16.3,2026-02-11,False,False
RBY795237ACO,Farmacéutica Nacional SA,2018-07-16,Manufactura,Guanajuato,AA0004,POSITIVA,473,73987134.38,1.8,71.3,9.8,18.9,2025-12-26,False,False
IOB715256OI5,Grupo Gamma SC,2016-08-05,Electrónica,Jalisco,AA0016,POSITIVA,334,143895561.25,1.3,73.1,16.4,10.5,2025-12-27,False,False
NLX936943B38,Corporativo Alpha SAPI de CV,2025-04-18,Construcción,Baja California,AA0037,NO_INSCRITO,16,5013146.0,12.65,17.5,43.6,38.9,2025-12-26,False,True
BCS773317095,Industrias Prime SAPI de CV,2017-07-04,Automotriz,Chihuahua,AA0022,POSITIVA,399,68969509.13,1.89,85.9,24.6,-10.5,2025-12-07,False,False
ARQ701174VAA,Tecnología Beta SC,2016-12-07,Textil,Chihuahua,AA0023,POSITIVA,60,27099449.21,5.23,63.6,36.2,0.2,2025-12-06,False,True
KVV704521ENG,Industrias Alpha SC,2022-12-11,Automotriz,Chihuahua,AA0014,NEGATIVA,55,8547884.11,3.15,64.5,35.6,-0.1,2025-12-28,False,True
AZQ7582685UR,Grupo Alpha SPR de RL,2016-10-27,Farmacéutica,Guanajuato,AA0044,POSITIVA,32,14286444.54,2.39,43.8,21.6,34.6,2026-01-25,False,True
OLY7272924L4,Tecnología Prime SA de CV,2021-10-20,Textil,Estado de México,AA0022,POSITIVA,235,108869900.24,1.03,71.1,19.4,9.5,2025-12-23,False,False
COA8183959PC,Química Omega SAPI de CV,2024-08-12,Manufactura,Veracruz,AA0016,POSITIVA,370,122778468.54,0.19,82.0,21.2,-3.2,2026-01-18,False,False
YVV972560271,Distribuidora Internacional SA de CV,2022-02-04,Tecnología,Chihuahua,AA0041,POSITIVA,93,33667269.46,1.95,92.9,12.5,-5.4,2026-02-13,False,False
LCB727470KND,Farmacéutica Alpha SA,2016-06-11,Electrónica,Querétaro,AA0038,NO_INSCRITO,68,23318195.64,4.3,63.9,42.0,-5.9,2025-12-05,False,False
FCP735513V46,Manufacturas Nacional SC,2023-05-19,Tecnología,Chihuahua,AA0035,POSITIVA,421,45239118.28,1.24,74.6,7.8,17.6,2025-12-17,False,False
UDI879879K8S,Farmacéutica Beta SC,2025-03-30,Retail,Veracruz,AA0045,NO_INSCRITO,477,161345086.21,1.12,71.4,11.9,16.7,2026-02-04,False,False
RMS876083WPF,Farmacéutica Global SAPI de CV,2025-01-17,Textil,Jalisco,AA0001,POSITIVA,164,64904112.69,1.39,81.7,9.3,9.0,2026-01-18,False,False
JBA760493FPW,Comercializadora Omega SA de CV,2025-01-16,Comercio al por mayor,Jalisco,AA0025,POSITIVA,162,21115670.31,1.77,88.0,11.8,0.2,2026-02-27,False,False
RXI810325KI3,Automotriz Prime SC,2017-04-04,Farmacéutica,Puebla,AA0041,NO_INSCRITO,14,1907592.14,22.93,12.0,32.9,55.1,2026-01-12,False,True
GBQ7992444KF,Farmacéutica Nacional SC,2020-01-10,Automotriz,Baja California,AA0030,NEGATIVA,19,2381556.78,23.06,16.3,31.6,52.1,2026-01-11,False,True
ESN953487ZRJ,Logística Prime SC,2016-08-14,Electrónica,Nuevo León,AA0009,POSITIVA,153,33612162.01,0.9,75.9,9.4,14.7,2026-02-09,False,False
THN820780VQW,Logística Beta SC,2017-12-03,Electrónica,Baja California,AA0035,POSITIVA,304,103484543.84,0.63,79.6,8.6,11.8,2026-01-15,False,False
QUY751695EMT,Corporativo Prime SA,2024-08-12,Textil,Chihuahua,AA0049,NEGATIVA,45,2422811.04,3.14,58.1,23.4,18.5,2026-01-22,False,False
RMN7783675I0,Manufacturas Delta SA,2020-07-18,Automotriz,Baja California,AA0002,POSITIVA,69,16764021.85,6.34,53.8,39.8,6.4,2025-12-02,False,True
JPD705176RXM,Comercializadora Prime SPR de RL,2018-05-24,Química,Chihuahua,AA0039,POSITIVA,448,28893333.08,1.38,77.5,16.7,5.8,2026-02-12,False,False
OKJ904906CNR,Grupo Beta SA,2018-02-07,Tecnología,Estado de México,AA0015,POSITIVA,137,36973011.34,0.21,83.8,5.6,10.6,2026-02-06,False,False
HNL893380SG4,Corporativo Global SA,2021-05-28,Distribución,Chihuahua,AA0037,POSITIVA,264,28635955.27,0.96,71.7,24.1,4.2,2026-02-03,False,False
YPN940726JAF,Industrias Omega SA,2016-05-20,Farmacéutica,Jalisco,AA0027,POSITIVA,341,61230063.41,1.76,81.5,16.5,2.0,2026-01-02,False,False
GXT940134NXZ,Farmacéutica Nacional SA de CV,2024-01-24,Alimentos y bebidas,Nuevo León,AA0049,NEGATIVA,9,4130382.71,23.0,26.1,43.3,30.6,2026-01-08,False,True
CTI936521FHB,Tecnología Internacional SA de CV,2024-12-17,Manufactura,Baja California,AA0043,NEGATIVA,34,11955522.25,4.38,40.3,22.9,36.8,2026-01-01,False,False
GYD8464514GA,Logística Nacional SAPI de CV,2026-01-09,Automotriz,CDMX,AA0041,POSITIVA,31,4032266.19,2.47,62.9,36.9,0.2,2026-02-25,True,False
VQS753994OLB,Electrónica Beta SAPI de CV,2018-12-08,Manufactura,Jalisco,AA0047,NEGATIVA,12,2420429.87,23.45,16.0,30.3,53.7,2026-02-05,False,True
EKC871617LWW,Importadora Omega SPR de RL,2025-05-28,Alimentos y bebidas,CDMX,AA0005,POSITIVA,232,33812972.91,0.65,70.4,18.1,11.5,2026-02-01,False,False
XKT9620229DT,Farmacéutica Prime SA,2020-05-05,Manufactura,Querétaro,AA0002,POSITIVA,373,74384012.97,1.39,86.9,24.4,-11.3,2025-12-10,False,False
PPJ821958SZA,Distribuidora Delta SPR de RL,2023-06-09,Automotriz,Querétaro,AA0009,POSITIVA,41,8982549.55,5.72,41.8,29.4,28.8,2025-12-09,False,True
HQT9731882O3,Química Global SPR de RL,2024-07-10,Alimentos y bebidas,Jalisco,AA0029,POSITIVA,77,28780751.91,1.81,86.6,10.0,3.4,2025-12-14,False,False
QBM801008B97,Textiles Delta SC,2021-03-21,Tecnología,Chihuahua,AA0029,POSITIVA,36,5767784.32,3.42,42.3,38.1,19.6,2026-02-07,False,True
ZFW952373C9O,Farmacéutica Omega SPR de RL,2018-03-21,Electrónica,Jalisco,AA0036,POSITIVA,65,15751370.65,6.56,64.6,39.8,-4.4,2026-02-19,False,False
SGM937919KUR,Manufacturas Internacional SC,2024-10-13,Química,Chihuahua,AA0005,NEGATIVA,1,473128.24,8.22,25.0,44.5,30.5,2026-01-13,False,False
KBX9018607F1,Electrónica Alpha SAPI de CV,2017-06-14,Tecnología,Chihuahua,AA0030,NO_INSCRITO,57,15103660.57,6.18,59.5,43.2,-2.7,2026-01-14,False,True
YDG784735A1X,Electrónica Global SPR de RL,2016-08-05,Tecnología,Puebla,AA0049,POSITIVA,146,40192496.2,1.75,74.1,13.5,12.4,2025-12-23,False,False
WSC8806623JH,Comercializadora Gamma SC,2025-08-10,Distribución,Jalisco,AA0013,POSITIVA,301,103704895.43,0.0,71.7,18.9,9.4,2026-01-05,False,False
MNC811550GCG,Textiles Delta SA,2018-08-01,Automotriz,Nuevo León,AA0001,NEGATIVA,4,315672.39,22.76,15.0,35.9,49.1,2026-02-26,False,False
BTA722047DSA,Industrias Global SA,2020-03-09,Farmacéutica,CDMX,AA0023,POSITIVA,222,42590858.04,1.21,78.4,18.6,3.0,2026-01-30,False,False
WUA91076405E,Electrónica Prime SA de CV,2024-10-27,Química,Querétaro,AA0003,POSITIVA,41,14231214.17,4.21,58.6,36.5,4.9,2026-03-01,False,False
ZTR822552VOW,Química Nacional SPR de RL,2018-05-15,Construcción,Baja California,AA0003,NO_INSCRITO,16,5171651.43,24.78,35.7,48.1,16.2,2026-02-11,False,False
DUH9878029Q6,Logística Global SC,2023-10-25,Retail,Guanajuato,AA0043,NO_INSCRITO,435,27470163.79,1.89,87.5,7.1,5.4,2026-01-19,False,False
MXD7712767WR,Química Global SAPI de CV,2020-08-28,Retail,Guanajuato,AA0008,NO_INSCRITO,18,6196749.16,5.86,51.3,37.9,10.8,2025-12-20,False,False
HCI7987490EN,Logística Gamma SPR de RL,2016-09-11,Química,Chihuahua,AA0038,POSITIVA,352,75419776.64,1.07,91.2,24.6,-15.8,2025-12-05,False,False
FKN941589L3K,Importadora Omega SPR de RL,2025-11-09,Automotriz,Estado de México,AA0032,POSITIVA,432,81648493.37,1.33,90.0,19.1,-9.1,2025-12-03,False,False
HZB874764FZ4,Manufacturas Prime SA,2022-07-30,Química,Veracruz,AA0023,NEGATIVA,72,35710448.17,6.36,49.0,40.4,10.6,2025-12-21,False,True
TKN848495K7Z,Corporativo Gamma SAPI de CV,2025-05-25,Retail,Estado de México,AA0048,POSITIVA,16,3981562.93,7.1,61.3,31.4,7.3,2025-12-30,True,True
QJW753551Y9F,Electrónica Global SAPI de CV,2021-04-12,Comercio al por mayor,Nuevo León,AA0016,POSITIVA,292,92571760.08,0.36,71.3,24.6,4.1,2026-02-10,False,False
KHP790533XNY,Electrónica Nacional SAPI de CV,2022-02-28,Comercio al por mayor,Chihuahua,AA0037,NEGATIVA,13,1364001.64,12.68,29.6,37.3,33.1,2025-12-09,False,True
ZMS7496742GR,Manufacturas Nacional SPR de RL,2023-03-13,Electrónica,Veracruz,AA0005,POSITIVA,216,89810763.5,0.13,92.7,20.9,-13.6,2026-02-27,False,False
NPS7651591HX,Corporativo Alpha SA de CV,2016-06-13,Manufactura,Baja California,AA0020,POSITIVA,278,34067403.77,1.6,73.1,7.6,19.3,2025-12-20,False,False
JOK700145IB8,Importadora Alpha SAPI de CV,2017-03-06,Comercio al por mayor,Estado de México,AA0010,POSITIVA,405,113305090.6,0.63,92.8,24.9,-17.7,2025-12-03,False,False
HVY989545HME,Comercializadora Nacional SAPI de CV,2022-05-02,Manufactura,Guanajuato,AA0041,POSITIVA,382,92216524.28,1.81,80.0,6.7,13.3,2025-12-03,False,False
SFJ968236VPF,Logística Prime SC,2022-11-16,Distribución,Estado de México,AA0018,POSITIVA,188,63559015.57,0.25,72.7,16.0,11.3,2026-01-14,False,False
AJZ89861382E,Comercializadora Prime SA,2016-07-25,Distribución,Querétaro,AA0048,POSITIVA,320,30265525.95,0.7,84.3,10.6,5.1,2026-02-23,False,False
RUO911206REA,Manufacturas Internacional SAPI de CV,2025-06-12,Automotriz,Querétaro,AA0030,POSITIVA,186,30150643.23,0.11,88.1,24.5,-12.6,2025-12-14,False,False
NHL820039K48,Farmacéutica Alpha SA,2022-02-26,Química,Baja California,AA0047,POSITIVA,172,51491966.57,1.89,74.1,6.1,19.8,2025-12-28,False,False
DMR979236ZOW,Textiles Internacional SAPI de CV,2017-03-05,Química,Baja California,AA0015,NO_INSCRITO,428,153153442.42,1.32,93.0,25.0,-18.0,2026-02-24,False,False
EJD8853278PN,Automotriz Central SA,2019-05-18,Retail,Guanajuato,AA0042,POSITIVA,326,55138940.56,1.7,91.4,10.8,-2.2,2026-03-01,False,False
NXY956093CAQ,Distribuidora Gamma SC,2025-09-30,Retail,Veracruz,AA0026,NEGATIVA,6,1408941.44,14.84,10.3,38.6,51.1,2025-12-29,True,True
JJX9813433DP,Automotriz Prime SA de CV,2024-09-17,Distribución,Estado de México,AA0031,POSITIVA,233,25666382.78,1.77,87.7,7.2,5.1,2026-01-07,False,False
YZD956513T2Z,Grupo Alpha SC,2017-07-16,Textil,Chihuahua,AA0048,POSITIVA,59,16225024.73,2.79,68.7,39.8,-8.5,2025-12-04,False,False
AMH7434141IF,Automotriz Nacional SPR de RL,2024-08-22,Distribución,Estado de México,AA0038,POSITIVA,184,67694962.44,1.99,76.2,21.4,2.4,2026-02-16,False,False
QDD910488B97,Alimentos Global SA de CV,2025-02-11,Tecnología,Nuevo León,AA0018,NEGATIVA,13,3142543.76,14.92,19.2,42.7,38.1,2026-02-22,False,False
JYS829583LBB,Electrónica Alpha SPR de RL,2023-04-25,Distribución,Querétaro,AA0024,POSITIVA,360,67305784.6,0.2,74.6,24.0,1.4,2026-02-17,False,False
TJU977377VIJ,Automotriz Internacional SA de CV,2022-03-10,Manufactura,Baja California,AA0040,POSITIVA,430,179668670.86,1.2,71.0,24.4,4.6,2026-02-05,False,False
ISZ806006TFE,Logística Nacional SA de CV,2020-05-02,Distribución,Chihuahua,AA0018,NEGATIVA,54,14432541.02,7.37,53.5,37.9,8.6,2025-12-24,False,True
SDB7319742Y0,Comercializadora Central SAPI de CV,2017-03-13,Farmacéutica,CDMX,AA0033,NEGATIVA,6,858696.41,15.44,25.3,41.2,33.5,2026-03-01,False,False
LSN8591754KJ,Electrónica Delta SAPI de CV,2025-12-31,Electrónica,Nuevo León,AA0001,POSITIVA,70,31011559.54,1.28,93.6,10.6,-4.2,2026-02-23,False,False
QQZ870264CZT,Importadora Global SC,2024-01-08,Química,Chihuahua,AA0036,NEGATIVA,1,291824.91,22.01,16.6,49.3,34.1,2025-12-17,False,True
FLI807013U31,Textiles Internacional SAPI de CV,2020-07-26,Química,Guanajuato,AA0002,POSITIVA,125,54757309.64,1.8,72.3,8.6,19.1,2026-02-05,False,False
IXV798587CCI,Logística Alpha SAPI de CV,2022-01-16,Retail,Nuevo León,AA0018,POSITIVA,434,183127607.09,1.62,85.1,12.6,2.3,2025-12-09,False,False
DQA7050278D0,Automotriz Omega SPR de RL,2023-03-08,Manufactura,CDMX,AA0003,POSITIVA,338,53983327.38,1.78,90.4,11.1,-1.5,2025-12-22,False,False
CHN917829F6A,Grupo Beta SC,2024-02-01,Alimentos y bebidas,Nuevo León,AA0040,NO_INSCRITO,500,135659629.39,1.37,87.2,19.3,-6.5,2026-02-15,False,False
IJY7445626VG,Electrónica Prime SC,2024-03-24,Construcción,Nuevo León,AA0001,POSITIVA,391,67248862.35,1.37,85.6,10.7,3.7,2025-12-28,False,False
WZU776955LOZ,Tecnología Global SPR de RL,2021-11-24,Química,Querétaro,AA0009,NO_INSCRITO,9,1743228.91,10.46,19.7,32.6,47.7,2026-01-06,False,False
URG919599TTR,Química Alpha SC,2025-05-31,Electrónica,Veracruz,AA0009,NO_INSCRITO,77,16383231.78,5.47,60.8,38.7,0.5,2026-02-03,True,True
XBJ773160KF4,Industrias Alpha SA de CV,2020-10-20,Química,Chihuahua,AA0005,POSITIVA,120,43590616.85,0.23,87.4,7.9,4.7,2026-01-06,False,False
MPE777111NCC,Automotriz Alpha SC,2021-06-27,Manufactura,Jalisco,AA0004,POSITIVA,121,24417999.14,1.5,87.5,11.0,1.5,2025-12-09,False,False
WAT963972FOP,Automotriz Delta SA,2020-04-10,Farmacéutica,CDMX,AA0015,POSITIVA,413,90819578.06,0.45,93.3,10.4,-3.7,2026-02-13,False,False
KVZ7405803QL,Comercializadora Nacional SA de CV,2024-01-12,Manufactura,Estado de México,AA0039,NO_INSCRITO,64,4007807.16,3.17,43.3,21.9,34.8,2026-01-24,False,False
AXE805863WBJ,Grupo Prime SA,2022-08-31,Construcción,Querétaro,AA0009,NEGATIVA,15,7221488.4,2.29,42.8,27.7,29.5,2025-12-27,False,False
SCK964121D3F,Electrónica Gamma SAPI de CV,2017-10-26,Electrónica,Baja California,AA0047,NEGATIVA,10,4479809.31,10.74,30.5,31.6,37.9,2025-12-04,False,True
PNT9347092MM,Alimentos Beta SA,2025-01-20,Manufactura,Veracruz,AA0021,NEGATIVA,20,2283602.69,9.27,14.6,42.6,42.8,2026-01-21,False,True
EHB890589MCZ,Manufacturas Global SPR de RL,2017-11-10,Química,Jalisco,AA0029,NO_INSCRITO,66,14095121.68,5.9,44.2,23.1,32.7,2026-01-24,False,True
JVY896018DOQ,Textiles Global SA de CV,2016-03-16,Retail,Puebla,AA0030,POSITIVA,454,82081960.62,0.49,90.5,5.2,4.3,2026-02-09,False,False
RJM9806556QD,Distribuidora Nacional SAPI de CV,2024-01-20,Automotriz,Jalisco,AA0041,POSITIVA,212,21506741.84,0.68,85.1,9.3,5.6,2026-01-02,False,False
FOZ899479C32,Importadora Omega SA,2024-07-26,Textil,Baja California,AA0014,POSITIVA,438,35550958.67,1.37,76.7,17.7,5.6,2026-01-09,False,False
RGV7485666P8,Manufacturas Alpha SPR de RL,2024-09-14,Farmacéutica,Estado de México,AA0005,POSITIVA,293,134976022.29,1.07,89.6,24.3,-13.9,2025-12-18,False,False
SPD866046A67,Textiles Beta SA de CV,2021-11-22,Retail,Estado de México,AA0027,NEGATIVA,43,14423570.57,5.12,40.1,31.3,28.6,2025-12-10,False,True
SUP813419M88,Industrias Prime SPR de RL,2019-01-06,Textil,Baja California,AA0049,POSITIVA,207,52826165.73,1.0,91.7,19.0,-10.7,2026-01-08,False,False
IYL895724GVT,Logística Nacional SA de CV,2018-04-06,Química,Veracruz,AA0033,NO_INSCRITO,22,2126385.49,7.97,64.2,22.6,13.2,2025-12-12,False,False
PAH920637H1T,Industrias Delta SPR de RL,2017-11-25,Tecnología,Guanajuato,AA0043,POSITIVA,456,174884607.27,1.83,80.3,21.4,-1.7,2026-03-01,False,False
GVU917531YA6,Grupo Nacional SA,2025-02-14,Retail,Chihuahua,AA0042,POSITIVA,468,143902676.13,1.04,88.5,11.3,0.2,2026-01-05,False,False
KBY925074EW9,Logística Omega SPR de RL,2019-08-07,Distribución,Querétaro,AA0014,POSITIVA,100,22640548.0,1.42,73.2,7.4,19.4,2025-12-11,False,False
CAA780342BZ7,Química Delta SA,2026-01-20,Tecnología,CDMX,AA0018,NO_INSCRITO,68,12485828.69,5.81,63.3,24.7,12.0,2025-12-23,True,True
CDA754322D7E,Importadora Internacional SA de CV,2020-03-24,Retail,Puebla,AA0025,POSITIVA,303,123608442.57,1.69,92.8,9.2,-2.0,2026-01-08,False,False
XQL784565GAG,Logística Beta SAPI de CV,2016-05-13,Farmacéutica,CDMX,AA0035,POSITIVA,225,27286812.17,1.99,82.1,17.3,0.6,2026-01-28,False,False
AND891408EHL,Manufacturas Delta SC,2024-12-06,Distribución,Estado de México,AA0044,POSITIVA,97,26491744.44,0.7,83.8,10.9,5.3,2025-12-26,False,False
VSZ754047V1L,Industrias Beta SA,2018-04-22,Distribución,CDMX,AA0033,POSITIVA,432,60425718.53,0.54,78.0,7.2,14.8,2026-01-15,False,False
GKP978234MBG,Grupo Internacional SPR de RL,2023-12-18,Alimentos y bebidas,Estado de México,AA0036,POSITIVA,386,138856392.32,0.74,73.6,11.3,15.1,2026-01-18,False,False
BHF814114DKV,Corporativo Global SA de CV,2016-09-24,Manufactura,Veracruz,AA0011,POSITIVA,437,118982172.73,0.87,90.3,9.0,0.7,2026-02-24,False,False
PPG711251KX4,Automotriz Omega SC,2026-02-27,Alimentos y bebidas,Querétaro,AA0026,NEGATIVA,2,522904.02,23.23,37.5,30.8,31.7,2026-01-07,True,True
CUM724780OZQ,Grupo Gamma SA de CV,2018-12-22,Retail,Querétaro,AA0035,POSITIVA,164,58944799.69,0.1,70.3,7.1,22.6,2026-01-05,False,False
ZYW8362525BB,Farmacéutica Central SA,2024-12-15,Química,Veracruz,AA0043,POSITIVA,58,11234582.96,3.62,45.1,23.4,31.5,2026-02-11,False,True
DNP9570569L0,Tecnología Alpha SAPI de CV,2020-03-17,Comercio al por mayor,Estado de México,AA0030,NO_INSCRITO,55,19950385.36,5.35,66.2,36.5,-2.7,2026-02-20,False,True
VEC80949931S,Importadora Omega SA,2018-01-28,Distribución,Guanajuato,AA0037,NEGATIVA,23,9223217.97,7.48,46.6,29.1,24.3,2026-02-05,False,True
QDW757877I6G,Tecnología Omega SC,2017-03-19,Manufactura,CDMX,AA0042,POSITIVA,331,92205700.46,0.17,80.8,8.0,11.2,2026-02-23,False,False
JYF799427OVT,Alimentos Beta SC,2025-06-22,Retail,Chihuahua,AA0045,POSITIVA,177,30051097.19,1.92,75.5,6.1,18.4,2026-02-21,False,False
SKC840750RGH,Comercializadora Prime SA de CV,2024-05-11,Distribución,Jalisco,AA0022,POSITIVA,144,65952071.28,1.01,87.5,14.5,-2.0,2026-01-30,False,False
XDA948928PA9,Química Delta SPR de RL,2023-01-22,Electrónica,Jalisco,AA0049,NEGATIVA,19,5800130.54,8.02,36.2,39.5,24.3,2026-01-23,False,True
DCH876092Q09,Tecnología Beta SC,2023-04-22,Química,Baja California,AA0047,POSITIVA,473,206053118.77,0.71,87.8,22.8,-10.6,2025-12-15,False,False
QDK815578XFR,Comercializadora Omega SC,2023-07-19,Alimentos y bebidas,Puebla,AA0038,POSITIVA,34,16806174.49,7.52,51.3,22.7,26.0,2025-12-24,False,False
KZI721649UZ4,Corporativo Central SPR de RL,2018-01-24,Química,Jalisco,AA0020,NO_INSCRITO,54,19246430.56,3.73,69.1,32.5,-1.6,2025-12-25,False,False
MBH938053BKV,Farmacéutica Nacional SAPI de CV,2026-02-02,Manufactura,Guanajuato,AA0010,POSITIVA,477,208236613.2,0.0,76.3,12.0,11.7,2025-12-06,False,False
ZFP742420KB7,Farmacéutica Central SAPI de CV,2018-11-01,Química,Estado de México,AA0017,NEGATIVA,4,1422061.78,23.18,37.6,41.9,20.5,2026-01-19,False,False
DOH744978K7Q,Manufacturas Internacional SA de CV,2025-11-28,Electrónica,CDMX,AA0050,POSITIVA,405,98192706.41,0.63,93.4,19.3,-12.7,2026-01-07,False,False
KTP8586402UN,Química Alpha SA de CV,2016-10-28,Comercio al por mayor,Guanajuato,AA0042,POSITIVA,482,213868168.26,0.79,80.1,5.1,14.8,2026-01-02,False,False
CPV952528Y5E,Química Gamma SC,2017-06-09,Química,Guanajuato,AA0047,POSITIVA,154,69727127.24,1.03,84.1,24.3,-8.4,2025-12-10,False,False
ZAM805325EAV,Química Delta SPR de RL,2023-09-16,Tecnología,Chihuahua,AA0044,POSITIVA,62,14387149.67,1.67,81.1,6.1,12.8,2026-02-06,False,False
LRD776776WG3,Manufacturas Global SA de CV,2021-04-02,Automotriz,Puebla,AA0028,NEGATIVA,35,7535595.67,4.86,48.7,36.7,14.6,2026-01-25,False,False
DHD904274AKX,Grupo Prime SPR de RL,2025-03-30,Textil,Baja California,AA0005,NO_INSCRITO,5,1376436.35,15.95,31.7,35.5,32.8,2025-12-27,False,False
EDR877987Q4F,Textiles Central SC,2025-03-29,Farmacéutica,Chihuahua,AA0026,NO_INSCRITO,71,7685031.93,4.26,54.2,36.5,9.3,2026-01-19,True,False
BAT821580DD7,Textiles Omega SA de CV,2020-07-27,Comercio al por mayor,Nuevo León,AA0029,POSITIVA,40,18602764.38,2.63,66.4,38.2,-4.6,2026-02-22,False,False
TPV791362LZN,Importadora Central SA de CV,2023-07-23,Química,Nuevo León,AA0014,POSITIVA,274,78867681.05,1.36,75.6,19.8,4.6,2026-02-05,False,False
ADA914024U5M,Manufacturas Beta SPR de RL,2017-03-30,Manufactura,Jalisco,AA0034,NEGATIVA,70,17324658.97,5.01,50.7,42.5,6.8,2025-12-11,False,True
HDF983498LI7,Alimentos Beta SPR de RL,2025-10-24,Automotriz,Guanajuato,AA0042,NO_INSCRITO,10,2296488.47,9.27,27.3,47.1,25.6,2026-02-22,True,False
AIG8754965CH,Textiles Central SA de CV,2023-04-22,Electrónica,Veracruz,AA0009,POSITIVA,338,166118624.07,1.81,87.6,20.3,-7.9,2026-01-07,False,False
HBA966231IMR,Automotriz Gamma SA,2025-11-05,Construcción,Puebla,AA0036,NO_INSCRITO,35,2571211.58,5.21,65.8,37.0,-2.8,2026-01-12,True,False
DLX892886MM7,Química Alpha SA de CV,2022-02-19,Comercio al por mayor,Jalisco,AA0029,POSITIVA,432,177463523.47,1.51,90.2,15.7,-5.9,2026-01-29,False,False
EBJ8281559EO,Industrias Nacional SC,2025-03-30,Química,Estado de México,AA0034,NO_INSCRITO,7,1747156.79,16.41,32.1,37.1,30.8,2026-01-22,False,True
XIO754825B6Z,Automotriz Internacional SA,2025-04-17,Manufactura,CDMX,AA0032,NEGATIVA,17,1124387.72,11.92,32.3,34.2,33.5,2026-01-30,False,True
VHP8576033DK,Distribuidora Nacional SC,2025-04-23,Comercio al por mayor,Chihuahua,AA0049,POSITIVA,277,20364165.53,0.09,75.1,8.7,16.2,2026-01-21,False,False
XXX8136321M3,Farmacéutica Nacional SC,2022-07-12,Distribución,Puebla,AA0030,POSITIVA,419,100864093.22,1.86,77.2,24.8,-2.0,2025-12-19,False,False
TYD708061KYJ,Importadora Omega SPR de RL,2023-08-24,Química,Querétaro,AA0017,POSITIVA,365,144979375.4,0.55,76.7,10.0,13.3,2026-02-28,False,False
WLA704751Q8R,Corporativo Internacional SAPI de CV,2025-05-21,Retail,Jalisco,AA0010,NEGATIVA,9,3552206.16,23.25,26.5,49.1,24.4,2026-01-25,False,False
WRG720287GSP,Automotriz Alpha SPR de RL,2016-12-17,Retail,Querétaro,AA0007,POSITIVA,415,179376818.01,1.98,94.4,5.3,0.3,2025-12-22,False,False
CLN824346HU3,Textiles Alpha SAPI de CV,2022-05-14,Alimentos y bebidas,CDMX,AA0019,NO_INSCRITO,5,1309041.33,8.42,28.2,37.2,34.6,2026-01-23,False,False
YXA8109773S2,Logística Delta SPR de RL,2019-04-23,Electrónica,Chihuahua,AA0041,NO_INSCRITO,348,29684482.66,0.07,88.2,12.6,-0.8,2026-02-20,False,False
OKT9767972VX,Automotriz Delta SA,2023-12-06,Construcción,Puebla,AA0024,NEGATIVA,47,11990617.82,7.47,49.9,40.0,10.1,2026-02-15,False,True
COB890048XVQ,Industrias Beta SA de CV,2016-10-12,Textil,Puebla,AA0033,NEGATIVA,18,7346433.19,12.16,37.3,43.5,19.2,2026-01-17,False,False
ZOQ80396465A,Alimentos Nacional SA,2020-03-19,Textil,Querétaro,AA0009,POSITIVA,70,34682904.74,6.46,43.8,20.9,35.3,2026-02-13,False,True
KOS762506M3M,Corporativo Internacional SAPI de CV,2021-12-16,Construcción,Jalisco,AA0047,POSITIVA,428,164058334.55,1.84,93.7,23.2,-16.9,2026-01-05,False,False
TXY744030FAV,Textiles Nacional SPR de RL,2023-05-07,Farmacéutica,Baja California,AA0028,POSITIVA,310,84314438.61,1.45,77.0,20.5,2.5,2026-02-23,False,False
HJT775177B85,Corporativo Omega SPR de RL,2023-12-17,Manufactura,Estado de México,AA0043,NEGATIVA,11,1656985.15,9.69,18.5,32.4,49.1,2026-02-08,False,False
HCO9668051A6,Corporativo Beta SA de CV,2025-05-29,Automotriz,Puebla,AA0032,POSITIVA,13,3697229.29,4.22,48.5,43.7,7.8,2026-01-02,True,False
GWZ761160820,Manufacturas Beta SPR de RL,2024-12-15,Alimentos y bebidas,Estado de México,AA0036,POSITIVA,282,54049379.49,1.26,82.8,20.5,-3.3,2026-02-25,False,False
RWA704279IV5,Química Delta SA de CV,2023-04-12,Textil,Nuevo León,AA0032,POSITIVA,466,41902845.26,0.37,82.4,7.6,10.0,2025-12-25,False,False
OFE919336YWW,Textiles Prime SPR de RL,2019-04-04,Automotriz,Guanajuato,AA0007,NO_INSCRITO,33,13481680.72,7.27,65.2,41.9,-7.1,2026-01-10,False,False
FZX850713PQI,Textiles Global SAPI de CV,2021-03-11,Comercio al por mayor,Guanajuato,AA0018,POSITIVA,108,46229872.25,0.7,80.0,7.6,12.4,2025-12-29,False,False
NXU731979ULY,Grupo Central SAPI de CV,2018-03-18,Electrónica,Estado de México,AA0050,POSITIVA,77,14539894.01,0.54,88.2,11.8,-0.0,2026-01-08,False,False
QYP872950ET8,Comercializadora Nacional SA,2022-02-26,Construcción,Estado de México,AA0019,POSITIVA,230,48977117.29,1.53,83.8,18.1,-1.9,2026-02-04,False,False
UXI813145TIA,Química Global SA,2022-01-07,Distribución,Guanajuato,AA0006,NO_INSCRITO,15,978001.59,2.94,49.0,25.8,25.2,2026-02-14,False,True
BNS917879A0T,Grupo Beta SC,2016-07-27,Química,Chihuahua,AA0031,POSITIVA,360,66948944.24,1.72,89.6,13.5,-3.1,2026-01-02,False,False
JLF913135UR6,Tecnología Prime SA,2023-09-30,Farmacéutica,Nuevo León,AA0042,NEGATIVA,13,2974489.42,24.17,32.9,44.3,22.8,2026-01-31,False,True
IDQ743949DG5,Manufacturas Omega SC,2025-06-24,Distribución,CDMX,AA0021,POSITIVA,479,189364897.64,0.95,88.1,16.3,-4.4,2026-01-28,False,False
RPW840686Y12,Manufacturas Beta SA,2019-08-28,Distribución,CDMX,AA0011,NO_INSCRITO,286,24780595.55,1.42,82.9,22.2,-5.1,2026-02-16,False,False
NDF759693BPG,Alimentos Prime SPR de RL,2021-08-07,Alimentos y bebidas,Chihuahua,AA0042,POSITIVA,254,113309853.8,0.02,72.9,24.9,2.2,2026-01-26,False,False
EHR894744SJQ,Grupo Beta SPR de RL,2021-04-29,Automotriz,Querétaro,AA0007,NEGATIVA,11,2093610.52,3.91,45.4,31.8,22.8,2026-02-05,False,True
BME883839W5M,Electrónica Delta SA de CV,2024-08-16,Farmacéutica,Jalisco,AA0007,NEGATIVA,14,4235007.47,17.94,19.2,42.5,38.3,2025-12-09,False,False
SHG753747ESX,Farmacéutica Delta SAPI de CV,2016-09-17,Manufactura,Chihuahua,AA0010,NO_INSCRITO,191,27539911.79,1.93,88.4,17.3,-5.7,2026-03-01,False,False
DMA7408846BS,Industrias Nacional SA de CV,2023-12-22,Farmacéutica,Estado de México,AA0011,POSITIVA,110,23072085.79,0.48,79.8,20.5,-0.3,2025-12-25,False,False
YVS929342UR2,Logística Delta SA,2016-11-28,Alimentos y bebidas,Jalisco,AA0048,NO_INSCRITO,32,4678431.43,2.15,51.0,31.7,17.3,2025-12-20,False,False
ZFJ802278ALD,Textiles Alpha SA,2017-07-12,Farmacéutica,Veracruz,AA0032,NEGATIVA,14,2427295.13,5.88,59.3,30.0,10.7,2026-02-22,False,False
ETQ9861453BB,Corporativo Delta SPR de RL,2021-03-08,Construcción,CDMX,AA0022,POSITIVA,264,50531302.41,1.67,73.0,13.9,13.1,2025-12-22,False,False
VWI7888176V7,Corporativo Central SAPI de CV,2018-08-24,Construcción,Baja California,AA0027,NO_INSCRITO,17,2170277.01,2.39,64.8,32.5,2.7,2026-02-24,False,True
ETV701791LUE,Farmacéutica Gamma SA de CV,2022-03-15,Retail,Querétaro,AA0030,POSITIVA,109,36185953.38,1.84,74.6,6.7,18.7,2026-02-27,False,False
CSG80028500L,Automotriz Internacional SC,2023-03-10,Manufactura,Veracruz,AA0023,POSITIVA,211,103532465.95,0.83,90.9,10.5,-1.4,2026-01-27,False,False
PJQ9358593YG,Alimentos Omega SA de CV,2021-06-03,Electrónica,Estado de México,AA0017,POSITIVA,409,83428443.65,0.87,86.2,18.6,-4.8,2025-12-27,False,False
FGX971173XGF,Industrias Beta SAPI de CV,2018-12-29,Alimentos y bebidas,Guanajuato,AA0011,NEGATIVA,14,3354868.91,3.93,43.1,29.0,27.9,2026-01-18,False,True
MEA939409VZ0,Textiles Global SPR de RL,2020-05-02,Comercio al por mayor,Jalisco,AA0033,NEGATIVA,71,17000502.22,6.07,49.0,44.3,6.7,2026-01-26,False,True
EHP974872H91,Electrónica Gamma SAPI de CV,2019-06-07,Distribución,Guanajuato,AA0020,POSITIVA,96,11942777.9,0.62,89.1,21.0,-10.1,2026-03-01,False,False
CGF7473740FT,Farmacéutica Beta SA,2025-02-24,Distribución,Querétaro,AA0049,POSITIVA,331,140379134.48,1.37,87.5,23.3,-10.8,2026-01-29,False,False
YKI84857630P,Textiles Central SA,2023-09-02,Manufactura,Estado de México,AA0009,POSITIVA,13,3583517.2,3.33,58.3,39.2,2.5,2026-03-01,False,False
MBH748781MXP,Farmacéutica Beta SC,2018-10-30,Química,Nuevo León,AA0042,POSITIVA,183,77849045.97,1.92,80.5,8.3,11.2,2026-01-01,False,False
WUA867362ESY,Farmacéutica Internacional SC,2018-08-30,Electrónica,Querétaro,AA0008,POSITIVA,267,67449933.44,0.52,85.9,17.1,-3.0,2026-01-13,False,False
UZN9011505CA,Electrónica Prime SC,2023-07-06,Textil,Querétaro,AA0044,NEGATIVA,68,14633386.1,4.61,53.9,21.0,25.1,2025-12-15,False,False
